71;SULAWESI UTARA;01;BOLAANG MONGONDOW;021;DUMOGA BARAT;001;TORAUT;2;005B;100005
71;SULAWESI UTARA;01;BOLAANG MONGONDOW;021;DUMOGA BARAT;003;UUWAN;2;006B;100015
71;SULAWESI UTARA;01;BOLAANG MONGONDOW;021;DUMOGA BARAT;004;IKHWAN;2;008B;100025
71;SULAWESI UTARA;01;BOLAANG MONGONDOW;021;DUMOGA BARAT;005;DOLODUO;1;008B;150008
71;SULAWESI UTARA;01;BOLAANG MONGONDOW;021;DUMOGA BARAT;007;WANGGA BARU;2;004B;100035
71;SULAWESI UTARA;01;BOLAANG MONGONDOW;021;DUMOGA BARAT;012;TORAUT TENGAH;2;003B;100047
71;SULAWESI UTARA;01;BOLAANG MONGONDOW;022;DUMOGA UTARA;004;MOPUYA UTARA;2;003B;100057
71;SULAWESI UTARA;01;BOLAANG MONGONDOW;023;DUMOGA TIMUR;002;MOGOYUNGGUNG;2;003B;100068
71;SULAWESI UTARA;01;BOLAANG MONGONDOW;023;DUMOGA TIMUR;003;IMANDI;2;008B;100078
71;SULAWESI UTARA;01;BOLAANG MONGONDOW;023;DUMOGA TIMUR;004;PINONOBATUAN;2;002B;100084
71;SULAWESI UTARA;01;BOLAANG MONGONDOW;023;DUMOGA TIMUR;006;DUMOGA;2;002B;100093
71;SULAWESI UTARA;01;BOLAANG MONGONDOW;023;DUMOGA TIMUR;018;PINONOBATUAN BARAT;2;003B;100105
71;SULAWESI UTARA;01;BOLAANG MONGONDOW;023;DUMOGA TIMUR;022;AMERTHA BUANA;2;001B;100113
71;SULAWESI UTARA;01;BOLAANG MONGONDOW;024;DUMOGA TENGAH;003;IBOLIAN;1;006B;150066
71;SULAWESI UTARA;01;BOLAANG MONGONDOW;024;DUMOGA TENGAH;004;IBOLIAN I;2;002B;100124
71;SULAWESI UTARA;01;BOLAANG MONGONDOW;025;DUMOGA TENGGARA;004;KONAROM;2;001B;100134
71;SULAWESI UTARA;01;BOLAANG MONGONDOW;025;DUMOGA TENGGARA;009;IKUNA;2;001B;100140
71;SULAWESI UTARA;01;BOLAANG MONGONDOW;026;DUMOGA;001;SINIYUNG;2;002B;100148
71;SULAWESI UTARA;01;BOLAANG MONGONDOW;026;DUMOGA;003;BUMBUNGON;2;003B;100157
71;SULAWESI UTARA;01;BOLAANG MONGONDOW;026;DUMOGA;006;PONOMPIAAN;2;004B;100164
71;SULAWESI UTARA;01;BOLAANG MONGONDOW;026;DUMOGA;009;TORUAKAT;2;001B;100175
71;SULAWESI UTARA;01;BOLAANG MONGONDOW;026;DUMOGA;010;DUMOGA I;2;002B;100181
71;SULAWESI UTARA;01;BOLAANG MONGONDOW;060;LOLAYAN;001;MOPUSI;2;005B;100188
71;SULAWESI UTARA;01;BOLAANG MONGONDOW;060;LOLAYAN;003;BAKAN;2;004B;100199
71;SULAWESI UTARA;01;BOLAANG MONGONDOW;060;LOLAYAN;005;TANOYAN UTARA;2;004B;100209
71;SULAWESI UTARA;01;BOLAANG MONGONDOW;060;LOLAYAN;008;TUNGOI I;2;002B;100223
71;SULAWESI UTARA;01;BOLAANG MONGONDOW;060;LOLAYAN;008;TUNGOI I;2;012B;100233
71;SULAWESI UTARA;01;BOLAANG MONGONDOW;060;LOLAYAN;011;BOMBANON;2;003B;100246
71;SULAWESI UTARA;01;BOLAANG MONGONDOW;060;LOLAYAN;013;KOPANDAKAN II;2;004B;100259
71;SULAWESI UTARA;01;BOLAANG MONGONDOW;081;PASSI BARAT;001;MUNTOI;2;004B;100270
71;SULAWESI UTARA;01;BOLAANG MONGONDOW;081;PASSI BARAT;004;LOBONG;2;004B;100285
71;SULAWESI UTARA;01;BOLAANG MONGONDOW;081;PASSI BARAT;005;PASSI;2;007B;100294
71;SULAWESI UTARA;01;BOLAANG MONGONDOW;081;PASSI BARAT;008;BULUD;2;001B;100305
71;SULAWESI UTARA;01;BOLAANG MONGONDOW;081;PASSI BARAT;009;BINTAU;2;006B;100314
71;SULAWESI UTARA;01;BOLAANG MONGONDOW;082;PASSI TIMUR;003;PANGIAN;2;003B;100323
71;SULAWESI UTARA;01;BOLAANG MONGONDOW;082;PASSI TIMUR;008;MOBUYA;2;002B;100331
71;SULAWESI UTARA;01;BOLAANG MONGONDOW;082;PASSI TIMUR;011;PANGIAN TENGAH;2;002B;100340
71;SULAWESI UTARA;01;BOLAANG MONGONDOW;082;PASSI TIMUR;015;SINSINGON BARAT;1;003B;150121
71;SULAWESI UTARA;01;BOLAANG MONGONDOW;083;BILALANG;004;TUDUAOG;2;001B;100346
71;SULAWESI UTARA;01;BOLAANG MONGONDOW;090;POIGAR;003;MARIRI BARU;2;002B;100356
71;SULAWESI UTARA;01;BOLAANG MONGONDOW;090;POIGAR;005;NONAPAN SATU;2;004B;100365
71;SULAWESI UTARA;01;BOLAANG MONGONDOW;090;POIGAR;007;GOGALUMAN;2;003B;100374
71;SULAWESI UTARA;01;BOLAANG MONGONDOW;090;POIGAR;014;MONDATONG;2;002B;100385
71;SULAWESI UTARA;01;BOLAANG MONGONDOW;090;POIGAR;018;TANJUNG MARIRI;2;002B;100401
71;SULAWESI UTARA;01;BOLAANG MONGONDOW;100;BOLAANG;001;KOMANGAAN;2;007B;100411
71;SULAWESI UTARA;01;BOLAANG MONGONDOW;100;BOLAANG;004;BANGOMOLUNOW;2;003B;100423
71;SULAWESI UTARA;01;BOLAANG MONGONDOW;100;BOLAANG;005;LANGAGON;2;004B;100429
71;SULAWESI UTARA;01;BOLAANG MONGONDOW;100;BOLAANG;008;INOBONTO;1;004B;150165
71;SULAWESI UTARA;01;BOLAANG MONGONDOW;100;BOLAANG;010;LANGAGON II;2;001B;100438
71;SULAWESI UTARA;01;BOLAANG MONGONDOW;101;BOLAANG TIMUR;002;AMBANG I;2;002B;100446
71;SULAWESI UTARA;01;BOLAANG MONGONDOW;101;BOLAANG TIMUR;004;TADOY I;2;002B;100453
71;SULAWESI UTARA;01;BOLAANG MONGONDOW;101;BOLAANG TIMUR;006;BANTIK;2;004B;100460
71;SULAWESI UTARA;01;BOLAANG MONGONDOW;110;LOLAK;001;BUMBUNG;2;002B;100468
71;SULAWESI UTARA;01;BOLAANG MONGONDOW;110;LOLAK;004;SOLOG;2;002B;100477
71;SULAWESI UTARA;01;BOLAANG MONGONDOW;110;LOLAK;007;LALOW;2;003B;100488
71;SULAWESI UTARA;01;BOLAANG MONGONDOW;110;LOLAK;014;SAUK;2;002B;100500
71;SULAWESI UTARA;01;BOLAANG MONGONDOW;110;LOLAK;019;BATURAPA II;2;001B;100509
71;SULAWESI UTARA;01;BOLAANG MONGONDOW;110;LOLAK;023;PINOGALUMAN TIMUR;2;001B;100519
71;SULAWESI UTARA;01;BOLAANG MONGONDOW;110;LOLAK;026;MONGKOINIT BARAT;2;003B;100526
71;SULAWESI UTARA;01;BOLAANG MONGONDOW;120;SANGTOMBOLANG;011;LOLANAN;2;004B;100536
71;SULAWESI UTARA;01;BOLAANG MONGONDOW;120;SANGTOMBOLANG;018;BATU MERAH;2;002B;100548
71;SULAWESI UTARA;02;MINAHASA;091;LANGOWAN TIMUR;008;WALEURE;1;002B;150010
71;SULAWESI UTARA;02;MINAHASA;091;LANGOWAN TIMUR;012;SUMARAYAR;1;003B;150037
71;SULAWESI UTARA;02;MINAHASA;092;LANGOWAN BARAT;007;RARINGIS;2;002B;100013
71;SULAWESI UTARA;02;MINAHASA;092;LANGOWAN BARAT;009;PASLATEN;1;003B;150066
71;SULAWESI UTARA;02;MINAHASA;092;LANGOWAN BARAT;014;TUMARATAS;2;005B;100025
71;SULAWESI UTARA;02;MINAHASA;092;LANGOWAN BARAT;019;RARINGIS SELATAN;2;002B;100040
71;SULAWESI UTARA;02;MINAHASA;093;LANGOWAN SELATAN;006;WINEBETAN;2;003B;100062
71;SULAWESI UTARA;02;MINAHASA;094;LANGOWAN UTARA;001;WALANTAKAN;1;004B;150090
71;SULAWESI UTARA;02;MINAHASA;094;LANGOWAN UTARA;007;TEMPANG TIGA;1;001B;150105
71;SULAWESI UTARA;02;MINAHASA;110;TOMPASO;010;TEMPOK;2;002B;100080
71;SULAWESI UTARA;02;MINAHASA;110;TOMPASO;013;KAMANGA DUA;1;002B;150129
71;SULAWESI UTARA;02;MINAHASA;111;TOMPASO BARAT;004;TOMPASO DUA;2;002B;100099
71;SULAWESI UTARA;02;MINAHASA;111;TOMPASO BARAT;007;TOUURE DUA;2;003B;100118
71;SULAWESI UTARA;02;MINAHASA;120;KAWANGKOAN;027;UNER SATU;1;001B;150154
71;SULAWESI UTARA;02;MINAHASA;120;KAWANGKOAN;030;TONDEGESAN DUA;2;002B;100141
71;SULAWESI UTARA;02;MINAHASA;121;KAWANGKOAN BARAT;007;TOMBASIAN ATAS SATU;2;002B;100161
71;SULAWESI UTARA;02;MINAHASA;122;KAWANGKOAN UTARA;003;TALIKURAN UTARA;1;003B;150184
71;SULAWESI UTARA;02;MINAHASA;122;KAWANGKOAN UTARA;007;KIAWA DUA;2;002B;100177
71;SULAWESI UTARA;02;MINAHASA;130;SONDER;004;SENDANGAN;1;003B;150206
71;SULAWESI UTARA;02;MINAHASA;130;SONDER;008;TALIKURAN;2;001B;100192
71;SULAWESI UTARA;02;MINAHASA;130;SONDER;013;LEILEM TIGA;1;002B;150227
71;SULAWESI UTARA;02;MINAHASA;160;TOMBARIRI;004;POOPOH;2;002B;100209
71;SULAWESI UTARA;02;MINAHASA;160;TOMBARIRI;006;SENDUK;2;003B;100221
71;SULAWESI UTARA;02;MINAHASA;160;TOMBARIRI;011;BORGO;1;001B;150254
71;SULAWESI UTARA;02;MINAHASA;161;TOMBARIRI TIMUR;001;RANOTONGKOR;2;002B;100238
71;SULAWESI UTARA;02;MINAHASA;161;TOMBARIRI TIMUR;006;LEMOH BARAT;2;002B;100255
71;SULAWESI UTARA;02;MINAHASA;161;TOMBARIRI TIMUR;010;LEMOH UNER;2;003B;100271
71;SULAWESI UTARA;02;MINAHASA;170;PINELENG;002;WAREMBUNGAN;2;009B;100281
71;SULAWESI UTARA;02;MINAHASA;170;PINELENG;003;PINELENG DUA;1;005B;150274
71;SULAWESI UTARA;02;MINAHASA;170;PINELENG;012;SEA;1;010B;150297
71;SULAWESI UTARA;02;MINAHASA;170;PINELENG;019;SEA II;1;005B;150317
71;SULAWESI UTARA;02;MINAHASA;170;PINELENG;031;PINELENG SATU TIMUR;1;001B;150338
71;SULAWESI UTARA;02;MINAHASA;171;TOMBULU;001;KEMBES DUA;2;002B;100295
71;SULAWESI UTARA;02;MINAHASA;171;TOMBULU;001;KEMBES DUA;2;003B;100296
71;SULAWESI UTARA;02;MINAHASA;171;TOMBULU;005;SAWANGAN;2;008B;100326
71;SULAWESI UTARA;02;MINAHASA;171;TOMBULU;006;KOKA;2;007B;100341
71;SULAWESI UTARA;02;MINAHASA;171;TOMBULU;010;RUMENGKOR SATU;2;003B;100362
71;SULAWESI UTARA;02;MINAHASA;172;MANDOLANG;005;KALASEY DUA;2;006B;100380
71;SULAWESI UTARA;02;MINAHASA;172;MANDOLANG;006;KALASEY SATU;1;003B;150360
71;SULAWESI UTARA;02;MINAHASA;172;MANDOLANG;008;TATELI DUA;1;008B;150389
71;SULAWESI UTARA;02;MINAHASA;190;TONDANO BARAT;007;MASARANG;2;004B;100396
71;SULAWESI UTARA;02;MINAHASA;190;TONDANO BARAT;010;RINEGETAN;1;007B;150413
71;SULAWESI UTARA;02;MINAHASA;190;TONDANO BARAT;013;REREWOKAN;1;005B;150447
71;SULAWESI UTARA;02;MINAHASA;191;TONDANO SELATAN;003;TOUNSARU;1;003B;150469
71;SULAWESI UTARA;02;MINAHASA;191;TONDANO SELATAN;007;TATAARAN DUA;1;001B;150519
71;SULAWESI UTARA;02;MINAHASA;191;TONDANO SELATAN;007;TATAARAN DUA;1;015B;150533
71;SULAWESI UTARA;02;MINAHASA;191;TONDANO SELATAN;007;TATAARAN DUA;1;017B;150535
71;SULAWESI UTARA;02;MINAHASA;200;REMBOKEN;005;KASURATAN;2;002B;100414
71;SULAWESI UTARA;02;MINAHASA;200;REMBOKEN;006;SENDANGAN;1;001B;150574
71;SULAWESI UTARA;02;MINAHASA;210;KAKAS;004;KAYUWATU;2;003B;100432
71;SULAWESI UTARA;02;MINAHASA;210;KAKAS;017;SENDANGAN;1;002B;150597
71;SULAWESI UTARA;02;MINAHASA;210;KAKAS;019;KAWENG;2;005B;100453
71;SULAWESI UTARA;02;MINAHASA;211;KAKAS BARAT;003;SIMBEL;2;003B;100472
71;SULAWESI UTARA;02;MINAHASA;211;KAKAS BARAT;007;PANASEN;2;004B;100490
71;SULAWESI UTARA;02;MINAHASA;220;LEMBEAN TIMUR;002;KAROR;2;004B;100509
71;SULAWESI UTARA;02;MINAHASA;220;LEMBEAN TIMUR;007;SERETAN;2;004B;100527
71;SULAWESI UTARA;02;MINAHASA;230;ERIS;001;TELAP;2;003B;100542
71;SULAWESI UTARA;02;MINAHASA;230;ERIS;006;RANOMERUT;1;002B;150621
71;SULAWESI UTARA;02;MINAHASA;240;KOMBI;001;TULAP;2;002B;100555
71;SULAWESI UTARA;02;MINAHASA;240;KOMBI;005;KOMBI;2;004B;100572
71;SULAWESI UTARA;02;MINAHASA;240;KOMBI;011;KINALEOSAN;2;003B;100593
71;SULAWESI UTARA;02;MINAHASA;250;TONDANO TIMUR;002;KINIAR;1;004B;150639
71;SULAWESI UTARA;02;MINAHASA;250;TONDANO TIMUR;007;WENGKOL;1;002B;150659
71;SULAWESI UTARA;02;MINAHASA;250;TONDANO TIMUR;013;PAPAKELAN;2;004B;100606
71;SULAWESI UTARA;02;MINAHASA;251;TONDANO UTARA;002;SASARAN;1;003B;150677
71;SULAWESI UTARA;02;MINAHASA;251;TONDANO UTARA;005;KAMPUNG JAWA;1;005B;150695
71;SULAWESI UTARA;03;KEPULAUAN SANGIHE;040;MANGANITU SELATAN;007;NGALIPAENG DUA;2;001B;100005
71;SULAWESI UTARA;03;KEPULAUAN SANGIHE;040;MANGANITU SELATAN;009;SOWAENG;2;003B;100012
71;SULAWESI UTARA;03;KEPULAUAN SANGIHE;040;MANGANITU SELATAN;011;LAINE;2;002B;100020
71;SULAWESI UTARA;03;KEPULAUAN SANGIHE;040;MANGANITU SELATAN;014;LAPEPAHE;2;001B;100025
71;SULAWESI UTARA;03;KEPULAUAN SANGIHE;050;TAMAKO;001;MAHUMU;2;001B;100047
71;SULAWESI UTARA;03;KEPULAUAN SANGIHE;050;TAMAKO;003;BEBU;2;002B;100052
71;SULAWESI UTARA;03;KEPULAUAN SANGIHE;050;TAMAKO;007;MENGGAWA I;2;002B;100058
71;SULAWESI UTARA;03;KEPULAUAN SANGIHE;050;TAMAKO;008;POKOL;1;001B;150010
71;SULAWESI UTARA;03;KEPULAUAN SANGIHE;050;TAMAKO;009;BALANE;2;003B;100061
71;SULAWESI UTARA;03;KEPULAUAN SANGIHE;050;TAMAKO;012;NAGHA DUA;1;002B;150018
71;SULAWESI UTARA;03;KEPULAUAN SANGIHE;050;TAMAKO;014;LELIPANG;2;001B;100067
71;SULAWESI UTARA;03;KEPULAUAN SANGIHE;050;TAMAKO;019;KALINDA I;2;001B;100074
71;SULAWESI UTARA;03;KEPULAUAN SANGIHE;060;TABUKAN SELATAN;010;BINEBAS;2;001B;100080
71;SULAWESI UTARA;03;KEPULAUAN SANGIHE;060;TABUKAN SELATAN;012;PALARENG;2;001B;100082
71;SULAWESI UTARA;03;KEPULAUAN SANGIHE;060;TABUKAN SELATAN;015;BENTUNG;1;002B;150026
71;SULAWESI UTARA;03;KEPULAUAN SANGIHE;060;TABUKAN SELATAN;017;BUKIDE;2;001B;100086
71;SULAWESI UTARA;03;KEPULAUAN SANGIHE;061;TABUKAN SELATAN TENGAH;003;BEENG;2;001B;100095
71;SULAWESI UTARA;03;KEPULAUAN SANGIHE;062;TABUKAN SELATAN TENGGARA;001;PINTARENG;2;001B;100103
71;SULAWESI UTARA;03;KEPULAUAN SANGIHE;070;TABUKAN TENGAH;001;BOWONGKALI;2;001B;100110
71;SULAWESI UTARA;03;KEPULAUAN SANGIHE;070;TABUKAN TENGAH;003;KULUR I;2;002B;100117
71;SULAWESI UTARA;03;KEPULAUAN SANGIHE;070;TABUKAN TENGAH;007;MIULU;2;001B;100124
71;SULAWESI UTARA;03;KEPULAUAN SANGIHE;070;TABUKAN TENGAH;012;TARIANGBARU;2;001B;100131
71;SULAWESI UTARA;03;KEPULAUAN SANGIHE;070;TABUKAN TENGAH;016;PALELANGEN;2;001B;100140
71;SULAWESI UTARA;03;KEPULAUAN SANGIHE;080;MANGANITU;002;BELENGANG;2;003B;100149
71;SULAWESI UTARA;03;KEPULAUAN SANGIHE;080;MANGANITU;003;LEBO;2;004B;100155
71;SULAWESI UTARA;03;KEPULAUAN SANGIHE;080;MANGANITU;005;KAUHIS;2;004B;100165
71;SULAWESI UTARA;03;KEPULAUAN SANGIHE;080;MANGANITU;009;MANUMPITAENG;2;001B;100175
71;SULAWESI UTARA;03;KEPULAUAN SANGIHE;080;MANGANITU;010;TALOARANE;1;002B;150041
71;SULAWESI UTARA;03;KEPULAUAN SANGIHE;080;MANGANITU;014;HIUNG;2;003B;100183
71;SULAWESI UTARA;03;KEPULAUAN SANGIHE;090;TAHUNA;007;SAWANG BENDAR;1;004B;150049
71;SULAWESI UTARA;03;KEPULAUAN SANGIHE;090;TAHUNA;009;MAHENA;2;001B;100189
71;SULAWESI UTARA;03;KEPULAUAN SANGIHE;090;TAHUNA;010;SOATALOARA l;1;002B;150061
71;SULAWESI UTARA;03;KEPULAUAN SANGIHE;090;TAHUNA;011;SOATALOARA ll;1;004B;150068
71;SULAWESI UTARA;03;KEPULAUAN SANGIHE;090;TAHUNA;012;BUNGALAWANG;1;005B;150074
71;SULAWESI UTARA;03;KEPULAUAN SANGIHE;090;TAHUNA;014;SANTIAGO;1;001B;150083
71;SULAWESI UTARA;03;KEPULAUAN SANGIHE;090;TAHUNA;014;SANTIAGO;1;008B;150090
71;SULAWESI UTARA;03;KEPULAUAN SANGIHE;091;TAHUNA TIMUR;003;TIDORE;1;007B;150099
71;SULAWESI UTARA;03;KEPULAUAN SANGIHE;091;TAHUNA TIMUR;004;TONA I;1;007B;150106
71;SULAWESI UTARA;03;KEPULAUAN SANGIHE;091;TAHUNA TIMUR;007;TAPUANG;1;001B;150114
71;SULAWESI UTARA;03;KEPULAUAN SANGIHE;091;TAHUNA TIMUR;008;TONA II;1;004B;150121
71;SULAWESI UTARA;03;KEPULAUAN SANGIHE;092;TAHUNA BARAT;001;PANANEKENG;2;002B;100196
71;SULAWESI UTARA;03;KEPULAUAN SANGIHE;092;TAHUNA BARAT;005;AKEMBAWI;2;001B;100203
71;SULAWESI UTARA;03;KEPULAUAN SANGIHE;100;TABUKAN UTARA;002;TAROLANG;2;001B;100212
71;SULAWESI UTARA;03;KEPULAUAN SANGIHE;100;TABUKAN UTARA;003;TOLA;2;004B;100217
71;SULAWESI UTARA;03;KEPULAUAN SANGIHE;100;TABUKAN UTARA;005;PETTA;1;002B;150127
71;SULAWESI UTARA;03;KEPULAUAN SANGIHE;100;TABUKAN UTARA;010;BEHA;2;001B;100225
71;SULAWESI UTARA;03;KEPULAUAN SANGIHE;100;TABUKAN UTARA;011;KALEKUBE;2;005B;100233
71;SULAWESI UTARA;03;KEPULAUAN SANGIHE;100;TABUKAN UTARA;013;BAHU;2;003B;100240
71;SULAWESI UTARA;03;KEPULAUAN SANGIHE;100;TABUKAN UTARA;020;MOADE;2;001B;100248
71;SULAWESI UTARA;03;KEPULAUAN SANGIHE;100;TABUKAN UTARA;021;PETTA TIMUR;1;003B;150139
71;SULAWESI UTARA;03;KEPULAUAN SANGIHE;100;TABUKAN UTARA;024;LIKUANG;2;003B;100253
71;SULAWESI UTARA;03;KEPULAUAN SANGIHE;101;NUSA TABUKAN;001;NUSA;2;001B;100259
71;SULAWESI UTARA;03;KEPULAUAN SANGIHE;101;NUSA TABUKAN;004;BUKIDE TIMUR;2;001B;100266
71;SULAWESI UTARA;03;KEPULAUAN SANGIHE;110;KENDAHE;001;KENDAHE DUA;2;002B;100279
71;SULAWESI UTARA;03;KEPULAUAN SANGIHE;110;KENDAHE;002;KENDAHE SATU;1;002B;150147
71;SULAWESI UTARA;03;KEPULAUAN SANGIHE;110;KENDAHE;003;TALAWID;2;004B;100286
71;SULAWESI UTARA;03;KEPULAUAN SANGIHE;110;KENDAHE;006;MOHONGSAWANG;2;002B;100297
71;SULAWESI UTARA;04;KEPULAUAN TALAUD;010;KABARUAN;008;KABARUAN;2;001B;100003
71;SULAWESI UTARA;04;KEPULAUAN TALAUD;010;KABARUAN;010;KORDAKEL;2;001B;100006
71;SULAWESI UTARA;04;KEPULAUAN TALAUD;010;KABARUAN;013;TADUNA;2;002B;100011
71;SULAWESI UTARA;04;KEPULAUAN TALAUD;010;KABARUAN;017;PANULAN;2;001B;100015
71;SULAWESI UTARA;04;KEPULAUAN TALAUD;011;DAMAU;003;DAMAU;2;001B;100022
71;SULAWESI UTARA;04;KEPULAUAN TALAUD;011;DAMAU;006;IGHIK;2;001B;100027
71;SULAWESI UTARA;04;KEPULAUAN TALAUD;011;DAMAU;008;AKAS BALANE;2;001B;100030
71;SULAWESI UTARA;04;KEPULAUAN TALAUD;020;LIRUNG;005;LIRUNG;1;002B;150002
71;SULAWESI UTARA;04;KEPULAUAN TALAUD;020;LIRUNG;011;LIRUNG I;1;005B;150009
71;SULAWESI UTARA;04;KEPULAUAN TALAUD;020;LIRUNG;012;TALOLANG;2;001B;100035
71;SULAWESI UTARA;04;KEPULAUAN TALAUD;021;SALIBABU;001;BITUNURIS;2;003B;100041
71;SULAWESI UTARA;04;KEPULAUAN TALAUD;021;SALIBABU;003;BALANG;2;001B;100047
71;SULAWESI UTARA;04;KEPULAUAN TALAUD;021;SALIBABU;005;DALUM;2;002B;100055
71;SULAWESI UTARA;04;KEPULAUAN TALAUD;021;SALIBABU;006;BITUNURIS SELATAN;2;003B;100061
71;SULAWESI UTARA;04;KEPULAUAN TALAUD;022;KALONGAN;002;KALONGAN;2;002B;100066
71;SULAWESI UTARA;04;KEPULAUAN TALAUD;022;KALONGAN;004;KALONGAN UTARA;2;001B;100070
71;SULAWESI UTARA;04;KEPULAUAN TALAUD;023;MORONGE;001;MORONGE SELATAN;2;003B;100075
71;SULAWESI UTARA;04;KEPULAUAN TALAUD;023;MORONGE;004;MORONGE;2;004B;100085
71;SULAWESI UTARA;04;KEPULAUAN TALAUD;023;MORONGE;006;MORONGE II;2;002B;100090
71;SULAWESI UTARA;04;KEPULAUAN TALAUD;030;MELONGUANE;001;MELONGUANE;1;003B;150015
71;SULAWESI UTARA;04;KEPULAUAN TALAUD;030;MELONGUANE;004;TARUN;2;001B;100094
71;SULAWESI UTARA;04;KEPULAUAN TALAUD;030;MELONGUANE;005;KIAMA;2;001B;100096
71;SULAWESI UTARA;04;KEPULAUAN TALAUD;030;MELONGUANE;010;MELONGUANE BARAT;1;001B;150023
71;SULAWESI UTARA;04;KEPULAUAN TALAUD;030;MELONGUANE;010;MELONGUANE BARAT;1;005B;150027
71;SULAWESI UTARA;04;KEPULAUAN TALAUD;030;MELONGUANE;011;MELONGUANE TIMUR;1;004B;150032
71;SULAWESI UTARA;04;KEPULAUAN TALAUD;030;MELONGUANE;015;MALA TIMUR;1;001B;150038
71;SULAWESI UTARA;04;KEPULAUAN TALAUD;030;MELONGUANE;016;SAWANG UTARA;2;001B;100106
71;SULAWESI UTARA;04;KEPULAUAN TALAUD;031;MELONGUANE TIMUR;002;TULE UTARA;2;002B;100114
71;SULAWESI UTARA;04;KEPULAUAN TALAUD;031;MELONGUANE TIMUR;005;BOWOMBARU TENGAH;2;001B;100118
71;SULAWESI UTARA;04;KEPULAUAN TALAUD;031;MELONGUANE TIMUR;006;BOWOMBARU UTARA;2;003B;100121
71;SULAWESI UTARA;04;KEPULAUAN TALAUD;040;BEO;007;BANTIK;2;003B;100124
71;SULAWESI UTARA;04;KEPULAUAN TALAUD;040;BEO;013;BEO BARAT;1;002B;150047
71;SULAWESI UTARA;04;KEPULAUAN TALAUD;040;BEO;013;BEO BARAT;1;006B;150051
71;SULAWESI UTARA;04;KEPULAUAN TALAUD;041;BEO UTARA;001;MAKATARA;2;001B;100126
71;SULAWESI UTARA;04;KEPULAUAN TALAUD;041;BEO UTARA;006;RAE SELATAN;2;004B;100141
71;SULAWESI UTARA;04;KEPULAUAN TALAUD;041;BEO UTARA;008;AWIT SELATAN;2;002B;100146
71;SULAWESI UTARA;04;KEPULAUAN TALAUD;042;BEO SELATAN;003;NIAMPAK;2;001B;100152
71;SULAWESI UTARA;04;KEPULAUAN TALAUD;042;BEO SELATAN;007;MATAHIT;2;001B;100157
71;SULAWESI UTARA;04;KEPULAUAN TALAUD;050;RAINIS;005;RAINIS;1;002B;150057
71;SULAWESI UTARA;04;KEPULAUAN TALAUD;050;RAINIS;006;BANTANE;2;003B;100163
71;SULAWESI UTARA;04;KEPULAUAN TALAUD;050;RAINIS;009;ALO UTARA;2;003B;100172
71;SULAWESI UTARA;04;KEPULAUAN TALAUD;050;RAINIS;013;BANTANE UTARA;2;002B;100179
71;SULAWESI UTARA;04;KEPULAUAN TALAUD;051;TAMPAN'AMMA;003;RIUNG;2;001B;100186
71;SULAWESI UTARA;04;KEPULAUAN TALAUD;051;TAMPAN'AMMA;006;GANALO;2;001B;100190
71;SULAWESI UTARA;04;KEPULAUAN TALAUD;051;TAMPAN'AMMA;007;DAPIHE;2;002B;100192
71;SULAWESI UTARA;04;KEPULAUAN TALAUD;051;TAMPAN'AMMA;010;RIUNG UTARA;2;001B;100196
71;SULAWESI UTARA;04;KEPULAUAN TALAUD;052;PULUTAN;004;DARAN;2;002B;100206
71;SULAWESI UTARA;04;KEPULAUAN TALAUD;060;ESSANG;008;BULUDE;2;001B;100209
71;SULAWESI UTARA;04;KEPULAUAN TALAUD;060;ESSANG;011;LALUE UTARA;2;001B;100213
71;SULAWESI UTARA;04;KEPULAUAN TALAUD;061;ESSANG SELATAN;002;SAMBUARA SATU;2;002B;100219
71;SULAWESI UTARA;04;KEPULAUAN TALAUD;061;ESSANG SELATAN;007;AMBIA UTARA;2;001B;100226
71;SULAWESI UTARA;04;KEPULAUAN TALAUD;070;GEMEH;003;TATURAN;2;002B;100236
71;SULAWESI UTARA;04;KEPULAUAN TALAUD;070;GEMEH;006;MALAT;2;002B;100242
71;SULAWESI UTARA;04;KEPULAUAN TALAUD;070;GEMEH;007;APAN;2;002B;100244
71;SULAWESI UTARA;04;KEPULAUAN TALAUD;070;GEMEH;011;MAMAHAN BARAT;2;002B;100254
71;SULAWESI UTARA;05;MINAHASA SELATAN;010;MODOINDING;005;MAKAARUYEN;2;002B;100016
71;SULAWESI UTARA;05;MINAHASA SELATAN;010;MODOINDING;007;WULURMAATUS;2;002B;100027
71;SULAWESI UTARA;05;MINAHASA SELATAN;010;MODOINDING;010;PINASUNGKULAN UTARA;2;002B;100041
71;SULAWESI UTARA;05;MINAHASA SELATAN;020;TOMPASO BARU;011;TOMPASO BARU DUA;1;006B;150014
71;SULAWESI UTARA;05;MINAHASA SELATAN;020;TOMPASO BARU;014;PINAESAAN;1;002B;150031
71;SULAWESI UTARA;05;MINAHASA SELATAN;020;TOMPASO BARU;015;TOROUT;2;004B;100060
71;SULAWESI UTARA;05;MINAHASA SELATAN;021;MAESAAN;001;TAMBELANG;2;002B;100075
71;SULAWESI UTARA;05;MINAHASA SELATAN;021;MAESAAN;005;KINAWERUAN;2;002B;100089
71;SULAWESI UTARA;05;MINAHASA SELATAN;021;MAESAAN;009;KINAMANG SATU;2;003B;100101
71;SULAWESI UTARA;05;MINAHASA SELATAN;070;RANOYAPO;003;RANOIAPO;2;004B;100118
71;SULAWESI UTARA;05;MINAHASA SELATAN;070;RANOYAPO;004;PONTAK;1;003B;150048
71;SULAWESI UTARA;05;MINAHASA SELATAN;070;RANOYAPO;007;BERINGIN;2;002B;100130
71;SULAWESI UTARA;05;MINAHASA SELATAN;070;RANOYAPO;012;POOPO BARAT;2;002B;100144
71;SULAWESI UTARA;05;MINAHASA SELATAN;080;MOTOLING;009;RAANAN LAMA;2;004B;100166
71;SULAWESI UTARA;05;MINAHASA SELATAN;080;MOTOLING;012;MOTOLING MAWALE;1;001B;150062
71;SULAWESI UTARA;05;MINAHASA SELATAN;081;KUMELEMBUAI;005;KUMELEMBUAI;2;001B;100179
71;SULAWESI UTARA;05;MINAHASA SELATAN;082;MOTOLING BARAT;001;TOYOPON;2;003B;100195
71;SULAWESI UTARA;05;MINAHASA SELATAN;082;MOTOLING BARAT;004;RAANAN BARU;2;003B;100209
71;SULAWESI UTARA;05;MINAHASA SELATAN;082;MOTOLING BARAT;008;TONDEI DUA;2;003B;100226
71;SULAWESI UTARA;05;MINAHASA SELATAN;083;MOTOLING TIMUR;003;WANGA;2;002B;100240
71;SULAWESI UTARA;05;MINAHASA SELATAN;083;MOTOLING TIMUR;005;TOKIN;2;003B;100254
71;SULAWESI UTARA;05;MINAHASA SELATAN;083;MOTOLING TIMUR;008;KARIMBOW;2;004B;100270
71;SULAWESI UTARA;05;MINAHASA SELATAN;090;SINONSAYANG;003;POIGAR I;2;006B;100286
71;SULAWESI UTARA;05;MINAHASA SELATAN;090;SINONSAYANG;004;TANAMON;1;003B;150077
71;SULAWESI UTARA;05;MINAHASA SELATAN;090;SINONSAYANG;008;TINIAWANGKO;2;002B;100304
71;SULAWESI UTARA;05;MINAHASA SELATAN;090;SINONSAYANG;010;BLONGKO;2;005B;100315
71;SULAWESI UTARA;05;MINAHASA SELATAN;100;TENGA;011;BOYONG ATAS;2;004B;100330
71;SULAWESI UTARA;05;MINAHASA SELATAN;100;TENGA;015;SAPA;2;003B;100347
71;SULAWESI UTARA;05;MINAHASA SELATAN;100;TENGA;018;RADEY;2;005B;100359
71;SULAWESI UTARA;05;MINAHASA SELATAN;100;TENGA;027;PAKUURE;2;004B;100382
71;SULAWESI UTARA;05;MINAHASA SELATAN;100;TENGA;031;TAWAANG TIMUR;2;002B;100395
71;SULAWESI UTARA;05;MINAHASA SELATAN;111;AMURANG;001;BUYUNGON;1;003B;150093
71;SULAWESI UTARA;05;MINAHASA SELATAN;111;AMURANG;002;RANOYAPO;1;004B;150103
71;SULAWESI UTARA;05;MINAHASA SELATAN;111;AMURANG;004;UWURAN DUA;1;003B;150115
71;SULAWESI UTARA;05;MINAHASA SELATAN;111;AMURANG;007;BITUNG;1;004B;150124
71;SULAWESI UTARA;05;MINAHASA SELATAN;112;AMURANG BARAT;001;PONDOS;2;003B;100412
71;SULAWESI UTARA;05;MINAHASA SELATAN;112;AMURANG BARAT;005;KAPITU;1;005B;150137
71;SULAWESI UTARA;05;MINAHASA SELATAN;112;AMURANG BARAT;006;KAWANGKOAN BAWAH;1;009B;150147
71;SULAWESI UTARA;05;MINAHASA SELATAN;112;AMURANG BARAT;009;WAKAN;2;002B;100424
71;SULAWESI UTARA;05;MINAHASA SELATAN;112;AMURANG BARAT;010;TEEP TRANS;1;002B;150160
71;SULAWESI UTARA;05;MINAHASA SELATAN;113;AMURANG TIMUR;002;PONDANG;1;006B;150175
71;SULAWESI UTARA;05;MINAHASA SELATAN;113;AMURANG TIMUR;006;RITEY;2;002B;100439
71;SULAWESI UTARA;05;MINAHASA SELATAN;113;AMURANG TIMUR;009;LOPANA SATU;1;002B;150186
71;SULAWESI UTARA;05;MINAHASA SELATAN;120;TARERAN;001;KANEYAN;2;003B;100450
71;SULAWESI UTARA;05;MINAHASA SELATAN;120;TARERAN;006;WUWUK;2;002B;100464
71;SULAWESI UTARA;05;MINAHASA SELATAN;120;TARERAN;014;RUMOONG ATAS DUA;2;006B;100479
71;SULAWESI UTARA;05;MINAHASA SELATAN;120;TARERAN;018;LANSOT TIMUR;2;004B;100494
71;SULAWESI UTARA;05;MINAHASA SELATAN;121;SULUUN TARERAN;004;SULUUN EMPAT;1;003B;150199
71;SULAWESI UTARA;05;MINAHASA SELATAN;121;SULUUN TARERAN;007;TALAITAD;2;002B;100509
71;SULAWESI UTARA;05;MINAHASA SELATAN;130;TUMPAAN;002;TUMPAAN SATU;1;004B;150213
71;SULAWESI UTARA;05;MINAHASA SELATAN;130;TUMPAAN;004;POPONTOLEN;2;003B;100523
71;SULAWESI UTARA;05;MINAHASA SELATAN;130;TUMPAAN;006;TANGKUNEY;2;002B;100534
71;SULAWESI UTARA;05;MINAHASA SELATAN;130;TUMPAAN;008;TUMPAAN BARU;1;008B;150224
71;SULAWESI UTARA;05;MINAHASA SELATAN;130;TUMPAAN;009;TUMPAAN DUA;2;004B;100545
71;SULAWESI UTARA;05;MINAHASA SELATAN;131;TATAPAAN;001;SULU;2;005B;100557
71;SULAWESI UTARA;05;MINAHASA SELATAN;131;TATAPAAN;006;WAWONA;2;002B;100574
71;SULAWESI UTARA;05;MINAHASA SELATAN;131;TATAPAAN;010;PASLATEN SATU;2;004B;100588
71;SULAWESI UTARA;06;MINAHASA UTARA;010;KEMA;004;LANSOT;2;001B;100008
71;SULAWESI UTARA;06;MINAHASA UTARA;010;KEMA;005;KEMA III;1;001B;150001
71;SULAWESI UTARA;06;MINAHASA UTARA;010;KEMA;006;KEMA II;1;004B;150011
71;SULAWESI UTARA;06;MINAHASA UTARA;010;KEMA;008;TONTALETE;2;007B;100016
71;SULAWESI UTARA;06;MINAHASA UTARA;020;KAUDITAN;008;WATUDAMBO;2;004B;100029
71;SULAWESI UTARA;06;MINAHASA UTARA;020;KAUDITAN;010;KAUDITAN DUA;1;005B;150027
71;SULAWESI UTARA;06;MINAHASA UTARA;020;KAUDITAN;012;KAWILEI;1;005B;150042
71;SULAWESI UTARA;06;MINAHASA UTARA;020;KAUDITAN;014;KAIMA;1;006B;150059
71;SULAWESI UTARA;06;MINAHASA UTARA;020;KAUDITAN;017;LEMBEAN;1;004B;150081
71;SULAWESI UTARA;06;MINAHASA UTARA;020;KAUDITAN;019;TUMALUNTUNG;1;009B;150096
71;SULAWESI UTARA;06;MINAHASA UTARA;020;KAUDITAN;020;WATUDAMBO DUA;2;003B;100036
71;SULAWESI UTARA;06;MINAHASA UTARA;030;AIRMADIDI;004;TANGGARI;2;004B;100042
71;SULAWESI UTARA;06;MINAHASA UTARA;030;AIRMADIDI;008;AIRMADIDI BAWAH;1;012B;150126
71;SULAWESI UTARA;06;MINAHASA UTARA;030;AIRMADIDI;009;AIRMADIDI ATAS;1;014B;150143
71;SULAWESI UTARA;06;MINAHASA UTARA;030;AIRMADIDI;010;SARONGSONG SATU;1;005B;150165
71;SULAWESI UTARA;06;MINAHASA UTARA;030;AIRMADIDI;012;RAP-RAP;1;006B;150186
71;SULAWESI UTARA;06;MINAHASA UTARA;040;KALAWAT;001;SUWAAN;1;004B;150206
71;SULAWESI UTARA;06;MINAHASA UTARA;040;KALAWAT;003;KAWANGKOAN;1;007B;150225
71;SULAWESI UTARA;06;MINAHASA UTARA;040;KALAWAT;005;KUWIL;2;003B;100052
71;SULAWESI UTARA;06;MINAHASA UTARA;040;KALAWAT;007;MAUMBI;1;007B;150255
71;SULAWESI UTARA;06;MINAHASA UTARA;040;KALAWAT;008;KOLONGAN TETEMPANGAN;1;008B;150269
71;SULAWESI UTARA;06;MINAHASA UTARA;040;KALAWAT;010;KALAWAT;1;007B;150285
71;SULAWESI UTARA;06;MINAHASA UTARA;050;DIMEMBE;002;MATUNGKAS;1;001B;150299
71;SULAWESI UTARA;06;MINAHASA UTARA;050;DIMEMBE;002;MATUNGKAS;1;021B;150319
71;SULAWESI UTARA;06;MINAHASA UTARA;050;DIMEMBE;004;DIMEMBE;1;009B;150337
71;SULAWESI UTARA;06;MINAHASA UTARA;050;DIMEMBE;005;KLABAT;2;005B;100057
71;SULAWESI UTARA;06;MINAHASA UTARA;050;DIMEMBE;006;WARUKAPAS;2;005B;100062
71;SULAWESI UTARA;06;MINAHASA UTARA;050;DIMEMBE;011;TATELU;2;003B;100069
71;SULAWESI UTARA;06;MINAHASA UTARA;050;DIMEMBE;012;PINILIH;2;002B;100078
71;SULAWESI UTARA;06;MINAHASA UTARA;050;DIMEMBE;014;WASIAN;2;003B;100087
71;SULAWESI UTARA;06;MINAHASA UTARA;050;DIMEMBE;015;LUMPIAS;2;004B;100096
71;SULAWESI UTARA;06;MINAHASA UTARA;051;TALAWAAN;003;KOLONGAN;1;003B;150349
71;SULAWESI UTARA;06;MINAHASA UTARA;051;TALAWAAN;004;MAPANGET;1;017B;150366
71;SULAWESI UTARA;06;MINAHASA UTARA;051;TALAWAAN;004;MAPANGET;1;031B;150380
71;SULAWESI UTARA;06;MINAHASA UTARA;051;TALAWAAN;007;WUSA;2;001B;100105
71;SULAWESI UTARA;06;MINAHASA UTARA;051;TALAWAAN;011;WARISA KAMPUNG BARU;2;001B;100115
71;SULAWESI UTARA;06;MINAHASA UTARA;051;TALAWAAN;012;PANIKI BARU;1;001B;150402
71;SULAWESI UTARA;06;MINAHASA UTARA;060;WORI;002;WORI;1;008B;150417
71;SULAWESI UTARA;06;MINAHASA UTARA;060;WORI;008;DARUNU;2;002B;100122
71;SULAWESI UTARA;06;MINAHASA UTARA;060;WORI;011;LANSA;2;002B;100129
71;SULAWESI UTARA;06;MINAHASA UTARA;060;WORI;013;KULU;2;003B;100135
71;SULAWESI UTARA;06;MINAHASA UTARA;060;WORI;018;NAIN;1;003B;150428
71;SULAWESI UTARA;06;MINAHASA UTARA;060;WORI;019;TATAMPI;2;002B;100145
71;SULAWESI UTARA;06;MINAHASA UTARA;070;LIKUPANG BARAT;003;TEREMAAL;2;002B;100153
71;SULAWESI UTARA;06;MINAHASA UTARA;070;LIKUPANG BARAT;007;SONSILO;2;001B;100162
71;SULAWESI UTARA;06;MINAHASA UTARA;070;LIKUPANG BARAT;009;SEREY;2;005B;100173
71;SULAWESI UTARA;06;MINAHASA UTARA;070;LIKUPANG BARAT;012;MUNTE;2;004B;100181
71;SULAWESI UTARA;06;MINAHASA UTARA;070;LIKUPANG BARAT;015;AER BANUA;2;001B;100192
71;SULAWESI UTARA;06;MINAHASA UTARA;070;LIKUPANG BARAT;018;TAMBUN;2;002B;100201
71;SULAWESI UTARA;06;MINAHASA UTARA;080;LIKUPANG TIMUR;008;SARAWET;2;002B;100206
71;SULAWESI UTARA;06;MINAHASA UTARA;080;LIKUPANG TIMUR;009;LIKUPANG DUA;1;006B;150443
71;SULAWESI UTARA;06;MINAHASA UTARA;080;LIKUPANG TIMUR;012;MAEN;2;004B;100215
71;SULAWESI UTARA;06;MINAHASA UTARA;080;LIKUPANG TIMUR;016;KALINAUN;2;004B;100222
71;SULAWESI UTARA;06;MINAHASA UTARA;080;LIKUPANG TIMUR;020;KAHUKU;2;001B;100237
71;SULAWESI UTARA;06;MINAHASA UTARA;080;LIKUPANG TIMUR;025;EHE;2;001B;100251
71;SULAWESI UTARA;06;MINAHASA UTARA;081;LIKUPANG SELATAN;004;KOKOLEH SATU;2;002B;100261
71;SULAWESI UTARA;06;MINAHASA UTARA;081;LIKUPANG SELATAN;007;WEROT;2;001B;100268
71;SULAWESI UTARA;07;BOLAANG MONGONDOW UTARA;010;SANGKUB;001;SANGTOMBOLANG;2;003B;100003
71;SULAWESI UTARA;07;BOLAANG MONGONDOW UTARA;010;SANGKUB;002;SAMPIRO;2;001B;100005
71;SULAWESI UTARA;07;BOLAANG MONGONDOW UTARA;010;SANGKUB;006;TOMBOLANGO;2;003B;100008
71;SULAWESI UTARA;07;BOLAANG MONGONDOW UTARA;010;SANGKUB;007;BUSISINGO;2;005B;100014
71;SULAWESI UTARA;07;BOLAANG MONGONDOW UTARA;010;SANGKUB;011;SANGKUB IV;1;003B;150012
71;SULAWESI UTARA;07;BOLAANG MONGONDOW UTARA;010;SANGKUB;012;APENG SEMBEKA;2;001B;100021
71;SULAWESI UTARA;07;BOLAANG MONGONDOW UTARA;010;SANGKUB;014;MONOMPIA;2;001B;100026
71;SULAWESI UTARA;07;BOLAANG MONGONDOW UTARA;020;BINTAUNA;001;MOME;2;002B;100032
71;SULAWESI UTARA;07;BOLAANG MONGONDOW UTARA;020;BINTAUNA;002;HUNTUK;2;002B;100035
71;SULAWESI UTARA;07;BOLAANG MONGONDOW UTARA;020;BINTAUNA;004;BUNIA;2;002B;100040
71;SULAWESI UTARA;07;BOLAANG MONGONDOW UTARA;020;BINTAUNA;005;KOPI;2;003B;100044
71;SULAWESI UTARA;07;BOLAANG MONGONDOW UTARA;020;BINTAUNA;006;BINTAUNA PANTAI;2;003B;100047
71;SULAWESI UTARA;07;BOLAANG MONGONDOW UTARA;020;BINTAUNA;008;BATULINTIK;2;002B;100049
71;SULAWESI UTARA;07;BOLAANG MONGONDOW UTARA;020;BINTAUNA;013;KUHANGA;2;003B;100053
71;SULAWESI UTARA;07;BOLAANG MONGONDOW UTARA;020;BINTAUNA;014;BUNONG;2;004B;100057
71;SULAWESI UTARA;07;BOLAANG MONGONDOW UTARA;020;BINTAUNA;015;PADANG BARAT;1;004B;150031
71;SULAWESI UTARA;07;BOLAANG MONGONDOW UTARA;030;BOLANG ITANG TIMUR;002;MOKODITEK;2;001B;100062
71;SULAWESI UTARA;07;BOLAANG MONGONDOW UTARA;030;BOLANG ITANG TIMUR;003;NUNUKA;2;002B;100068
71;SULAWESI UTARA;07;BOLAANG MONGONDOW UTARA;030;BOLANG ITANG TIMUR;004;SALEO;2;004B;100073
71;SULAWESI UTARA;07;BOLAANG MONGONDOW UTARA;030;BOLANG ITANG TIMUR;006;BOHABAK IV;2;003B;100080
71;SULAWESI UTARA;07;BOLAANG MONGONDOW UTARA;030;BOLANG ITANG TIMUR;007;BOHABAK II;2;002B;100084
71;SULAWESI UTARA;07;BOLAANG MONGONDOW UTARA;030;BOLANG ITANG TIMUR;010;BINJEITA;2;003B;100090
71;SULAWESI UTARA;07;BOLAANG MONGONDOW UTARA;030;BOLANG ITANG TIMUR;011;BINJEITA I;2;003B;100094
71;SULAWESI UTARA;07;BOLAANG MONGONDOW UTARA;030;BOLANG ITANG TIMUR;013;BIONTONG;2;001B;100098
71;SULAWESI UTARA;07;BOLAANG MONGONDOW UTARA;030;BOLANG ITANG TIMUR;013;BIONTONG;2;003B;100100
71;SULAWESI UTARA;07;BOLAANG MONGONDOW UTARA;030;BOLANG ITANG TIMUR;015;BIONTONG I;2;004B;100106
71;SULAWESI UTARA;07;BOLAANG MONGONDOW UTARA;030;BOLANG ITANG TIMUR;016;SALEO I;2;004B;100111
71;SULAWESI UTARA;07;BOLAANG MONGONDOW UTARA;030;BOLANG ITANG TIMUR;017;NAGARA;2;003B;100115
71;SULAWESI UTARA;07;BOLAANG MONGONDOW UTARA;030;BOLANG ITANG TIMUR;020;LIPU BOGU;2;002B;100122
71;SULAWESI UTARA;07;BOLAANG MONGONDOW UTARA;040;BOLANG ITANG BARAT;001;PAKU;2;004B;100126
71;SULAWESI UTARA;07;BOLAANG MONGONDOW UTARA;040;BOLANG ITANG BARAT;002;OLLOT II;2;002B;100128
71;SULAWESI UTARA;07;BOLAANG MONGONDOW UTARA;040;BOLANG ITANG BARAT;003;OLLOT;2;005B;100134
71;SULAWESI UTARA;07;BOLAANG MONGONDOW UTARA;040;BOLANG ITANG BARAT;005;SONUO;2;005B;100140
71;SULAWESI UTARA;07;BOLAANG MONGONDOW UTARA;040;BOLANG ITANG BARAT;006;WAKAT;2;003B;100144
71;SULAWESI UTARA;07;BOLAANG MONGONDOW UTARA;040;BOLANG ITANG BARAT;007;TOTE;2;003B;100147
71;SULAWESI UTARA;07;BOLAANG MONGONDOW UTARA;040;BOLANG ITANG BARAT;009;LANGI;2;001B;100150
71;SULAWESI UTARA;07;BOLAANG MONGONDOW UTARA;040;BOLANG ITANG BARAT;013;BOLANGITANG I;1;001B;150052
71;SULAWESI UTARA;07;BOLAANG MONGONDOW UTARA;040;BOLANG ITANG BARAT;016;PAKU SELATAN;2;003B;100154
71;SULAWESI UTARA;07;BOLAANG MONGONDOW UTARA;040;BOLANG ITANG BARAT;017;KEIMANGA;2;002B;100156
71;SULAWESI UTARA;07;BOLAANG MONGONDOW UTARA;050;KAIDIPANG;001;KOMUS DUA;2;002B;100160
71;SULAWESI UTARA;07;BOLAANG MONGONDOW UTARA;050;KAIDIPANG;005;BOROKO TIMUR;1;003B;150066
71;SULAWESI UTARA;07;BOLAANG MONGONDOW UTARA;050;KAIDIPANG;008;PONTAK;2;001B;100166
71;SULAWESI UTARA;07;BOLAANG MONGONDOW UTARA;050;KAIDIPANG;011;INOMUNGA UTARA;2;001B;100169
71;SULAWESI UTARA;07;BOLAANG MONGONDOW UTARA;050;KAIDIPANG;014;BOROKO UTARA;1;002B;150086
71;SULAWESI UTARA;07;BOLAANG MONGONDOW UTARA;050;KAIDIPANG;015;GIHANG;2;002B;100171
71;SULAWESI UTARA;07;BOLAANG MONGONDOW UTARA;060;PINOGALUMAN;003;BATU BANTAYO;2;001B;100176
71;SULAWESI UTARA;07;BOLAANG MONGONDOW UTARA;060;PINOGALUMAN;004;TONTULOW;2;003B;100180
71;SULAWESI UTARA;07;BOLAANG MONGONDOW UTARA;060;PINOGALUMAN;007;BUKO SELATAN;2;001B;100183
71;SULAWESI UTARA;07;BOLAANG MONGONDOW UTARA;060;PINOGALUMAN;008;DALAPULI;2;003B;100187
71;SULAWESI UTARA;07;BOLAANG MONGONDOW UTARA;060;PINOGALUMAN;011;TUNTUNG;2;003B;100194
71;SULAWESI UTARA;07;BOLAANG MONGONDOW UTARA;060;PINOGALUMAN;013;TANJUNG SIDUPA;2;001B;100196
71;SULAWESI UTARA;07;BOLAANG MONGONDOW UTARA;060;PINOGALUMAN;014;TONTULOW UTARA;2;002B;100199
71;SULAWESI UTARA;07;BOLAANG MONGONDOW UTARA;060;PINOGALUMAN;017;DALAPULI TIMUR;2;003B;100205
71;SULAWESI UTARA;07;BOLAANG MONGONDOW UTARA;060;PINOGALUMAN;021;TUNTUNG TIMUR;2;002B;100210
71;SULAWESI UTARA;08;SIAU TAGULANDANG BIARO;010;BIARO;003;DALINSAHENG;2;001B;100007
71;SULAWESI UTARA;08;SIAU TAGULANDANG BIARO;010;BIARO;004;KARUNGO;2;001B;100008
71;SULAWESI UTARA;08;SIAU TAGULANDANG BIARO;020;TAGULANDANG SELATAN;002;KISIHANG;2;001B;100013
71;SULAWESI UTARA;08;SIAU TAGULANDANG BIARO;020;TAGULANDANG SELATAN;002;KISIHANG;2;004B;100016
71;SULAWESI UTARA;08;SIAU TAGULANDANG BIARO;020;TAGULANDANG SELATAN;005;BATUMAWIRA;2;001B;100021
71;SULAWESI UTARA;08;SIAU TAGULANDANG BIARO;030;TAGULANDANG;007;BAHOI;1;001B;150001
71;SULAWESI UTARA;08;SIAU TAGULANDANG BIARO;030;TAGULANDANG;007;BAHOI;1;003B;150003
71;SULAWESI UTARA;08;SIAU TAGULANDANG BIARO;030;TAGULANDANG;008;MAHANGIANG;2;002B;100029
71;SULAWESI UTARA;08;SIAU TAGULANDANG BIARO;030;TAGULANDANG;010;HAASI;2;001B;100033
71;SULAWESI UTARA;08;SIAU TAGULANDANG BIARO;030;TAGULANDANG;022;BALEHUMARA;1;001B;150008
71;SULAWESI UTARA;08;SIAU TAGULANDANG BIARO;030;TAGULANDANG;022;BALEHUMARA;1;005B;150012
71;SULAWESI UTARA;08;SIAU TAGULANDANG BIARO;030;TAGULANDANG;025;MOHONSAWANG;2;001B;100037
71;SULAWESI UTARA;08;SIAU TAGULANDANG BIARO;030;TAGULANDANG;027;LESAH RENDE;1;001B;150015
71;SULAWESI UTARA;08;SIAU TAGULANDANG BIARO;030;TAGULANDANG;028;BARANGKAA PEHE;2;001B;100041
71;SULAWESI UTARA;08;SIAU TAGULANDANG BIARO;040;TAGULANDANG UTARA;003;BULANGAN;2;001B;100044
71;SULAWESI UTARA;08;SIAU TAGULANDANG BIARO;040;TAGULANDANG UTARA;004;MINANGA;2;001B;100046
71;SULAWESI UTARA;08;SIAU TAGULANDANG BIARO;040;TAGULANDANG UTARA;006;BAWOLEU;2;002B;100051
71;SULAWESI UTARA;08;SIAU TAGULANDANG BIARO;040;TAGULANDANG UTARA;007;LUMBO;2;001B;100053
71;SULAWESI UTARA;08;SIAU TAGULANDANG BIARO;050;SIAU BARAT SELATAN;001;TANAKI;2;002B;100057
71;SULAWESI UTARA;08;SIAU TAGULANDANG BIARO;050;SIAU BARAT SELATAN;003;TALAWID;2;001B;100060
71;SULAWESI UTARA;08;SIAU TAGULANDANG BIARO;050;SIAU BARAT SELATAN;006;BATUSENGGO;2;001B;100065
71;SULAWESI UTARA;08;SIAU TAGULANDANG BIARO;050;SIAU BARAT SELATAN;007;MAHUNENI;2;002B;100068
71;SULAWESI UTARA;08;SIAU TAGULANDANG BIARO;060;SIAU TIMUR SELATAN;001;TAPILE;2;001B;100069
71;SULAWESI UTARA;08;SIAU TAGULANDANG BIARO;060;SIAU TIMUR SELATAN;002;BUHIAS;2;002B;100074
71;SULAWESI UTARA;08;SIAU TAGULANDANG BIARO;060;SIAU TIMUR SELATAN;004;BIAU;2;001B;100077
71;SULAWESI UTARA;08;SIAU TAGULANDANG BIARO;060;SIAU TIMUR SELATAN;006;SAWANG;2;001B;100080
71;SULAWESI UTARA;08;SIAU TAGULANDANG BIARO;060;SIAU TIMUR SELATAN;006;SAWANG;2;004B;100083
71;SULAWESI UTARA;08;SIAU TAGULANDANG BIARO;060;SIAU TIMUR SELATAN;008;MALA;2;001B;100086
71;SULAWESI UTARA;08;SIAU TAGULANDANG BIARO;060;SIAU TIMUR SELATAN;009;BINALU;2;002B;100089
71;SULAWESI UTARA;08;SIAU TAGULANDANG BIARO;060;SIAU TIMUR SELATAN;012;PAHEPA;2;001B;100093
71;SULAWESI UTARA;08;SIAU TAGULANDANG BIARO;070;SIAU BARAT;006;PELINGSAWANG;2;002B;100097
71;SULAWESI UTARA;08;SIAU TAGULANDANG BIARO;070;SIAU BARAT;008;PASENG;2;001B;100100
71;SULAWESI UTARA;08;SIAU TAGULANDANG BIARO;070;SIAU BARAT;009;PANIKI;1;002B;150017
71;SULAWESI UTARA;08;SIAU TAGULANDANG BIARO;070;SIAU BARAT;013;ONDONG;1;002B;150023
71;SULAWESI UTARA;08;SIAU TAGULANDANG BIARO;070;SIAU BARAT;014;KANAWONG;2;002B;100103
71;SULAWESI UTARA;08;SIAU TAGULANDANG BIARO;080;SIAU TENGAH;001;LAI;2;001B;100111
71;SULAWESI UTARA;08;SIAU TAGULANDANG BIARO;080;SIAU TENGAH;002;SALILI;2;001B;100113
71;SULAWESI UTARA;08;SIAU TAGULANDANG BIARO;090;SIAU TIMUR;009;BAHU;1;001B;150025
71;SULAWESI UTARA;08;SIAU TAGULANDANG BIARO;090;SIAU TIMUR;009;BAHU;1;004B;150028
71;SULAWESI UTARA;08;SIAU TAGULANDANG BIARO;090;SIAU TIMUR;010;AKESIMBEKA;1;003B;150033
71;SULAWESI UTARA;08;SIAU TAGULANDANG BIARO;090;SIAU TIMUR;011;BEBALI;1;002B;150038
71;SULAWESI UTARA;08;SIAU TAGULANDANG BIARO;090;SIAU TIMUR;012;TARORANE;1;001B;150041
71;SULAWESI UTARA;08;SIAU TAGULANDANG BIARO;090;SIAU TIMUR;012;TARORANE;1;006B;150046
71;SULAWESI UTARA;08;SIAU TAGULANDANG BIARO;090;SIAU TIMUR;013;TATEHADENG;1;002B;150050
71;SULAWESI UTARA;08;SIAU TAGULANDANG BIARO;090;SIAU TIMUR;013;TATEHADENG;1;005B;150053
71;SULAWESI UTARA;08;SIAU TAGULANDANG BIARO;090;SIAU TIMUR;015;KARALUNG;2;001B;100116
71;SULAWESI UTARA;08;SIAU TAGULANDANG BIARO;090;SIAU TIMUR;016;BUISE;2;002B;100120
71;SULAWESI UTARA;08;SIAU TAGULANDANG BIARO;090;SIAU TIMUR;018;LIA;2;001B;100124
71;SULAWESI UTARA;08;SIAU TAGULANDANG BIARO;090;SIAU TIMUR;020;APELAWO;2;002B;100129
71;SULAWESI UTARA;08;SIAU TAGULANDANG BIARO;090;SIAU TIMUR;021;BUKIDE;2;002B;100131
71;SULAWESI UTARA;08;SIAU TAGULANDANG BIARO;090;SIAU TIMUR;023;KARALUNG I;2;001B;100134
71;SULAWESI UTARA;08;SIAU TAGULANDANG BIARO;100;SIAU BARAT UTARA;001;KINALI;2;001B;100136
71;SULAWESI UTARA;08;SIAU TAGULANDANG BIARO;100;SIAU BARAT UTARA;003;KIAWANG;2;001B;100138
71;SULAWESI UTARA;08;SIAU TAGULANDANG BIARO;100;SIAU BARAT UTARA;005;BATUBULAN;2;001B;100142
71;SULAWESI UTARA;08;SIAU TAGULANDANG BIARO;100;SIAU BARAT UTARA;007;MINI;2;001B;100146
71;SULAWESI UTARA;09;MINAHASA TENGGARA;010;RATATOTOK;005;SOYOWAN;2;004B;100004
71;SULAWESI UTARA;09;MINAHASA TENGGARA;010;RATATOTOK;007;MOREAH SATU;2;001B;100010
71;SULAWESI UTARA;09;MINAHASA TENGGARA;010;RATATOTOK;008;BASAAN;2;002B;100014
71;SULAWESI UTARA;09;MINAHASA TENGGARA;010;RATATOTOK;009;BASAAN SATU;2;002B;100018
71;SULAWESI UTARA;09;MINAHASA TENGGARA;020;PUSOMAEN;001;MINANGA;2;002B;100027
71;SULAWESI UTARA;09;MINAHASA TENGGARA;020;PUSOMAEN;003;MAKALU;2;003B;100034
71;SULAWESI UTARA;09;MINAHASA TENGGARA;020;PUSOMAEN;004;TUMBAK;1;003B;150037
71;SULAWESI UTARA;09;MINAHASA TENGGARA;020;PUSOMAEN;006;BENTENAN;2;003B;100040
71;SULAWESI UTARA;09;MINAHASA TENGGARA;020;PUSOMAEN;008;BENTENAN INDAH;2;002B;100045
71;SULAWESI UTARA;09;MINAHASA TENGGARA;020;PUSOMAEN;013;TUMBAK MADANI;2;002B;100057
71;SULAWESI UTARA;09;MINAHASA TENGGARA;020;PUSOMAEN;014;TATENGESAN SATU;2;002B;100060
71;SULAWESI UTARA;09;MINAHASA TENGGARA;030;BELANG;010;MANGKIT;2;003B;100067
71;SULAWESI UTARA;09;MINAHASA TENGGARA;030;BELANG;012;BORGO;2;003B;100073
71;SULAWESI UTARA;09;MINAHASA TENGGARA;030;BELANG;015;TABABO;2;002B;100081
71;SULAWESI UTARA;09;MINAHASA TENGGARA;030;BELANG;016;WATULINEY;2;001B;100084
71;SULAWESI UTARA;09;MINAHASA TENGGARA;030;BELANG;017;MOLOMPAR;2;002B;100088
71;SULAWESI UTARA;09;MINAHASA TENGGARA;030;BELANG;023;TABABO SELATAN;2;003B;100099
71;SULAWESI UTARA;09;MINAHASA TENGGARA;030;BELANG;024;WATULINEY TENGAH;2;003B;100104
71;SULAWESI UTARA;09;MINAHASA TENGGARA;030;BELANG;026;MOLOMPAR UTARA;2;002B;100111
71;SULAWESI UTARA;09;MINAHASA TENGGARA;030;BELANG;027;MOLOMPAR TIMUR;2;002B;100114
71;SULAWESI UTARA;09;MINAHASA TENGGARA;040;RATAHAN;008;LOWU SATU;2;002B;100122
71;SULAWESI UTARA;09;MINAHASA TENGGARA;040;RATAHAN;009;LOWU DUA;2;003B;100128
71;SULAWESI UTARA;09;MINAHASA TENGGARA;040;RATAHAN;010;WAWALI;2;005B;100134
71;SULAWESI UTARA;09;MINAHASA TENGGARA;040;RATAHAN;016;RASI SATU;2;004B;100138
71;SULAWESI UTARA;09;MINAHASA TENGGARA;040;RATAHAN;019;LOWU UTARA;2;004B;100146
71;SULAWESI UTARA;09;MINAHASA TENGGARA;040;RATAHAN;020;NATAAN;2;003B;100152
71;SULAWESI UTARA;09;MINAHASA TENGGARA;040;RATAHAN;021;WAWALI PASAN;2;004B;100158
71;SULAWESI UTARA;09;MINAHASA TENGGARA;041;PASAN;002;MAULIT;2;004B;100165
71;SULAWESI UTARA;09;MINAHASA TENGGARA;041;PASAN;006;TOLOMBUKAN;2;004B;100176
71;SULAWESI UTARA;09;MINAHASA TENGGARA;041;PASAN;008;TOLOMBUKAN SATU;2;003B;100179
71;SULAWESI UTARA;09;MINAHASA TENGGARA;042;RATAHAN TIMUR;003;WIOY DUA;2;002B;100185
71;SULAWESI UTARA;09;MINAHASA TENGGARA;042;RATAHAN TIMUR;007;WONGKAI SATU;2;002B;100193
71;SULAWESI UTARA;09;MINAHASA TENGGARA;042;RATAHAN TIMUR;009;PANGU SATU;2;003B;100201
71;SULAWESI UTARA;09;MINAHASA TENGGARA;050;TOMBATU;003;TONSAWANG;2;002B;100206
71;SULAWESI UTARA;09;MINAHASA TENGGARA;050;TOMBATU;015;KALI;2;003B;100210
71;SULAWESI UTARA;09;MINAHASA TENGGARA;051;TOMBATU TIMUR;001;MOLOMPAR SATU;2;002B;100221
71;SULAWESI UTARA;09;MINAHASA TENGGARA;051;TOMBATU TIMUR;002;MOLOMPAR;1;003B;150124
71;SULAWESI UTARA;09;MINAHASA TENGGARA;051;TOMBATU TIMUR;005;MOLOMPAR DUA UTARA;2;001B;100223
71;SULAWESI UTARA;09;MINAHASA TENGGARA;051;TOMBATU TIMUR;006;MOLOMPAR DUA SELATAN;2;004B;100231
71;SULAWESI UTARA;09;MINAHASA TENGGARA;051;TOMBATU TIMUR;010;MUNDUNG;2;002B;100236
71;SULAWESI UTARA;09;MINAHASA TENGGARA;051;TOMBATU TIMUR;011;MUNDUNG SATU;2;006B;100245
71;SULAWESI UTARA;09;MINAHASA TENGGARA;052;TOMBATU UTARA;001;KUYANGA;2;004B;100249
71;SULAWESI UTARA;09;MINAHASA TENGGARA;052;TOMBATU UTARA;004;TOMBATU DUA UTARA;2;002B;100257
71;SULAWESI UTARA;09;MINAHASA TENGGARA;052;TOMBATU UTARA;009;WINORANGIAN;2;002B;100265
71;SULAWESI UTARA;09;MINAHASA TENGGARA;060;TOULUAAN;010;TOUNDANOU;2;002B;100272
71;SULAWESI UTARA;09;MINAHASA TENGGARA;060;TOULUAAN;011;LOBU DUA;2;003B;100276
71;SULAWESI UTARA;09;MINAHASA TENGGARA;060;TOULUAAN;015;TOUNDANOU SATU;2;002B;100282
71;SULAWESI UTARA;09;MINAHASA TENGGARA;061;TOULUAAN SELATAN;003;SUHUYON;2;002B;100291
71;SULAWESI UTARA;09;MINAHASA TENGGARA;061;TOULUAAN SELATAN;005;BUNAG;2;003B;100297
71;SULAWESI UTARA;09;MINAHASA TENGGARA;061;TOULUAAN SELATAN;008;KALAIT SATU;2;002B;100304
71;SULAWESI UTARA;09;MINAHASA TENGGARA;061;TOULUAAN SELATAN;009;KALAIT DUA;2;003B;100308
71;SULAWESI UTARA;09;MINAHASA TENGGARA;062;SILIAN RAYA;004;SILIAN SATU;2;002B;100323
71;SULAWESI UTARA;09;MINAHASA TENGGARA;062;SILIAN RAYA;006;SILIAN TIGA;2;004B;100328
71;SULAWESI UTARA;09;MINAHASA TENGGARA;062;SILIAN RAYA;009;SILIAN UTARA;2;002B;100336
71;SULAWESI UTARA;10;BOLAANG MONGONDOW SELATAN;010;POSIGADAN;001;LION;2;001B;100001
71;SULAWESI UTARA;10;BOLAANG MONGONDOW SELATAN;010;POSIGADAN;002;SAIBUAH;2;001B;100004
71;SULAWESI UTARA;10;BOLAANG MONGONDOW SELATAN;010;POSIGADAN;003;MEYAMBANGA;2;001B;100007
71;SULAWESI UTARA;10;BOLAANG MONGONDOW SELATAN;010;POSIGADAN;004;TONALA;2;001B;100012
71;SULAWESI UTARA;10;BOLAANG MONGONDOW SELATAN;010;POSIGADAN;004;TONALA;2;003B;100014
71;SULAWESI UTARA;10;BOLAANG MONGONDOW SELATAN;010;POSIGADAN;006;MOMALIA II;2;003B;100020
71;SULAWESI UTARA;10;BOLAANG MONGONDOW SELATAN;010;POSIGADAN;007;MOMALIA I;2;002B;100023
71;SULAWESI UTARA;10;BOLAANG MONGONDOW SELATAN;010;POSIGADAN;008;PILOLAHUNGA;2;001B;100026
71;SULAWESI UTARA;10;BOLAANG MONGONDOW SELATAN;010;POSIGADAN;009;LUWOO;2;002B;100030
71;SULAWESI UTARA;10;BOLAANG MONGONDOW SELATAN;010;POSIGADAN;009;LUWOO;2;004B;100032
71;SULAWESI UTARA;10;BOLAANG MONGONDOW SELATAN;010;POSIGADAN;010;SAKTI;2;003B;100036
71;SULAWESI UTARA;10;BOLAANG MONGONDOW SELATAN;010;POSIGADAN;011;SINOMBAYUGA;2;002B;100038
71;SULAWESI UTARA;10;BOLAANG MONGONDOW SELATAN;010;POSIGADAN;020;MOLOSIPAT;2;001B;100044
71;SULAWESI UTARA;10;BOLAANG MONGONDOW SELATAN;010;POSIGADAN;023;INOSOTA;2;001B;100048
71;SULAWESI UTARA;10;BOLAANG MONGONDOW SELATAN;011;TOMINI;002;MILANGODAA;2;001B;100054
71;SULAWESI UTARA;10;BOLAANG MONGONDOW SELATAN;011;TOMINI;003;TOLUTU;2;001B;100057
71;SULAWESI UTARA;10;BOLAANG MONGONDOW SELATAN;011;TOMINI;004;BOTULIODU;2;002B;100061
71;SULAWESI UTARA;10;BOLAANG MONGONDOW SELATAN;011;TOMINI;005;NUNUKA RAYA;2;002B;100063
71;SULAWESI UTARA;10;BOLAANG MONGONDOW SELATAN;011;TOMINI;007;MILANGODAA UTARA;1;001B;150003
71;SULAWESI UTARA;10;BOLAANG MONGONDOW SELATAN;020;BOLAANG UKI;008;TANGAGAH;2;002B;100068
71;SULAWESI UTARA;10;BOLAANG MONGONDOW SELATAN;020;BOLAANG UKI;010;PINOLANTUNGAN;2;002B;100073
71;SULAWESI UTARA;10;BOLAANG MONGONDOW SELATAN;020;BOLAANG UKI;014;MOLIBAGU;1;004B;150017
71;SULAWESI UTARA;10;BOLAANG MONGONDOW SELATAN;020;BOLAANG UKI;016;SONDANA;2;001B;100075
71;SULAWESI UTARA;10;BOLAANG MONGONDOW SELATAN;020;BOLAANG UKI;016;SONDANA;2;004B;100078
71;SULAWESI UTARA;10;BOLAANG MONGONDOW SELATAN;020;BOLAANG UKI;017;TOLONDADU II;2;003B;100082
71;SULAWESI UTARA;10;BOLAANG MONGONDOW SELATAN;020;BOLAANG UKI;018;TOLONDADU I;2;003B;100086
71;SULAWESI UTARA;10;BOLAANG MONGONDOW SELATAN;020;BOLAANG UKI;019;TOLONDADU;2;002B;100089
71;SULAWESI UTARA;10;BOLAANG MONGONDOW SELATAN;020;BOLAANG UKI;020;TABILAA;2;002B;100092
71;SULAWESI UTARA;10;BOLAANG MONGONDOW SELATAN;020;BOLAANG UKI;025;SALONGO BARAT;2;001B;100096
71;SULAWESI UTARA;10;BOLAANG MONGONDOW SELATAN;020;BOLAANG UKI;028;DUDEPO BARAT;2;001B;100099
71;SULAWESI UTARA;10;BOLAANG MONGONDOW SELATAN;021;HELUMO;001;PANGIA;2;003B;100104
71;SULAWESI UTARA;10;BOLAANG MONGONDOW SELATAN;021;HELUMO;003;SINANDAKA;2;002B;100108
71;SULAWESI UTARA;10;BOLAANG MONGONDOW SELATAN;021;HELUMO;004;BAKIDA;2;001B;100110
71;SULAWESI UTARA;10;BOLAANG MONGONDOW SELATAN;021;HELUMO;005;DUMINANGA;2;002B;100114
71;SULAWESI UTARA;10;BOLAANG MONGONDOW SELATAN;021;HELUMO;009;TRANS PATOA;2;002B;100122
71;SULAWESI UTARA;10;BOLAANG MONGONDOW SELATAN;021;HELUMO;011;HALABOLU;2;001B;100125
71;SULAWESI UTARA;10;BOLAANG MONGONDOW SELATAN;030;PINOLOSIAN;001;LINAWAN;2;004B;100129
71;SULAWESI UTARA;10;BOLAANG MONGONDOW SELATAN;030;PINOLOSIAN;002;LINAWAN I;2;003B;100133
71;SULAWESI UTARA;10;BOLAANG MONGONDOW SELATAN;030;PINOLOSIAN;003;NUNUK;2;002B;100135
71;SULAWESI UTARA;10;BOLAANG MONGONDOW SELATAN;030;PINOLOSIAN;003;NUNUK;2;004B;100137
71;SULAWESI UTARA;10;BOLAANG MONGONDOW SELATAN;030;PINOLOSIAN;005;PINOLOSIAN SELATAN;1;001B;150034
71;SULAWESI UTARA;10;BOLAANG MONGONDOW SELATAN;030;PINOLOSIAN;008;KOMBOT;2;003B;100141
71;SULAWESI UTARA;10;BOLAANG MONGONDOW SELATAN;030;PINOLOSIAN;009;LUNGKAP;2;003B;100145
71;SULAWESI UTARA;10;BOLAANG MONGONDOW SELATAN;040;PINOLOSIAN TENGAH;001;MATAINDO;2;002B;100150
71;SULAWESI UTARA;10;BOLAANG MONGONDOW SELATAN;040;PINOLOSIAN TENGAH;003;ADOW SELATAN;2;002B;100157
71;SULAWESI UTARA;10;BOLAANG MONGONDOW SELATAN;040;PINOLOSIAN TENGAH;004;ADOW;2;002B;100161
71;SULAWESI UTARA;10;BOLAANG MONGONDOW SELATAN;040;PINOLOSIAN TENGAH;005;TOBAYAGAN;2;002B;100164
71;SULAWESI UTARA;10;BOLAANG MONGONDOW SELATAN;040;PINOLOSIAN TENGAH;007;TOBAYAGAN SELATAN;2;002B;100171
71;SULAWESI UTARA;10;BOLAANG MONGONDOW SELATAN;040;PINOLOSIAN TENGAH;008;MATAINDO UTARA;2;002B;100174
71;SULAWESI UTARA;10;BOLAANG MONGONDOW SELATAN;050;PINOLOSIAN TIMUR;001;MOTANDOI;2;004B;100178
71;SULAWESI UTARA;10;BOLAANG MONGONDOW SELATAN;050;PINOLOSIAN TIMUR;003;DUMAGIN A;2;004B;100183
71;SULAWESI UTARA;10;BOLAANG MONGONDOW SELATAN;050;PINOLOSIAN TIMUR;006;ONGGUNOI;2;001B;100189
71;SULAWESI UTARA;10;BOLAANG MONGONDOW SELATAN;050;PINOLOSIAN TIMUR;008;POSILAGON;2;001B;100193
71;SULAWESI UTARA;10;BOLAANG MONGONDOW SELATAN;050;PINOLOSIAN TIMUR;010;MOTANDOI SELATAN;2;001B;100198
71;SULAWESI UTARA;11;BOLAANG MONGONDOW TIMUR;010;NUANGAN;003;LOYOW;2;003B;100011
71;SULAWESI UTARA;11;BOLAANG MONGONDOW TIMUR;010;NUANGAN;004;IYOK;2;003B;100014
71;SULAWESI UTARA;11;BOLAANG MONGONDOW TIMUR;010;NUANGAN;005;NUANGAN;2;001B;100015
71;SULAWESI UTARA;11;BOLAANG MONGONDOW TIMUR;010;NUANGAN;006;NUANGAN I;2;001B;100018
71;SULAWESI UTARA;11;BOLAANG MONGONDOW TIMUR;010;NUANGAN;007;IDUMUN;2;004B;100024
71;SULAWESI UTARA;11;BOLAANG MONGONDOW TIMUR;010;NUANGAN;009;B A I;2;003B;100027
71;SULAWESI UTARA;11;BOLAANG MONGONDOW TIMUR;010;NUANGAN;009;B A I;2;004B;100028
71;SULAWESI UTARA;11;BOLAANG MONGONDOW TIMUR;010;NUANGAN;020;NUANGAN SELATAN;2;001B;100033
71;SULAWESI UTARA;11;BOLAANG MONGONDOW TIMUR;011;MOTONGKAD;003;MOLOBOG BARAT;2;002B;100039
71;SULAWESI UTARA;11;BOLAANG MONGONDOW TIMUR;011;MOTONGKAD;004;MOLOBOG;2;003B;100043
71;SULAWESI UTARA;11;BOLAANG MONGONDOW TIMUR;011;MOTONGKAD;006;ATOGA TIMUR;2;003B;100050
71;SULAWESI UTARA;11;BOLAANG MONGONDOW TIMUR;011;MOTONGKAD;008;MOTONGKAD;2;003B;100055
71;SULAWESI UTARA;11;BOLAANG MONGONDOW TIMUR;011;MOTONGKAD;009;MOTONGKAD TENGAH;2;003B;100060
71;SULAWESI UTARA;11;BOLAANG MONGONDOW TIMUR;011;MOTONGKAD;010;MOTONGKAD UTARA;2;003B;100063
71;SULAWESI UTARA;11;BOLAANG MONGONDOW TIMUR;020;TUTUYAN;001;DODAP;2;002B;100066
71;SULAWESI UTARA;11;BOLAANG MONGONDOW TIMUR;020;TUTUYAN;003;TOGID;2;002B;100074
71;SULAWESI UTARA;11;BOLAANG MONGONDOW TIMUR;020;TUTUYAN;003;TOGID;2;004B;100076
71;SULAWESI UTARA;11;BOLAANG MONGONDOW TIMUR;020;TUTUYAN;004;TUTUYAN II;2;004B;100082
71;SULAWESI UTARA;11;BOLAANG MONGONDOW TIMUR;020;TUTUYAN;004;TUTUYAN II;2;006B;100084
71;SULAWESI UTARA;11;BOLAANG MONGONDOW TIMUR;020;TUTUYAN;005;TUTUYAN;1;001B;150009
71;SULAWESI UTARA;11;BOLAANG MONGONDOW TIMUR;020;TUTUYAN;007;TOMBOLIKAT SELATAN;2;001B;100088
71;SULAWESI UTARA;11;BOLAANG MONGONDOW TIMUR;020;TUTUYAN;007;TOMBOLIKAT SELATAN;2;003B;100090
71;SULAWESI UTARA;11;BOLAANG MONGONDOW TIMUR;020;TUTUYAN;008;TOMBOLIKAT;2;002B;100092
71;SULAWESI UTARA;11;BOLAANG MONGONDOW TIMUR;020;TUTUYAN;008;TOMBOLIKAT;2;004B;100094
71;SULAWESI UTARA;11;BOLAANG MONGONDOW TIMUR;020;TUTUYAN;009;KAYUMOYONDI;2;005B;100100
71;SULAWESI UTARA;11;BOLAANG MONGONDOW TIMUR;020;TUTUYAN;010;DODAP MIKASA;2;003B;100103
71;SULAWESI UTARA;11;BOLAANG MONGONDOW TIMUR;030;KOTABUNAN;002;KOTABUNAN;2;003B;100106
71;SULAWESI UTARA;11;BOLAANG MONGONDOW TIMUR;030;KOTABUNAN;004;BULAWAN;2;002B;100111
71;SULAWESI UTARA;11;BOLAANG MONGONDOW TIMUR;030;KOTABUNAN;006;BUYAT I;1;002B;150030
71;SULAWESI UTARA;11;BOLAANG MONGONDOW TIMUR;030;KOTABUNAN;009;BUYAT SELATAN;2;003B;100117
71;SULAWESI UTARA;11;BOLAANG MONGONDOW TIMUR;030;KOTABUNAN;013;KOTABUNAN SELATAN;1;002B;150054
71;SULAWESI UTARA;11;BOLAANG MONGONDOW TIMUR;030;KOTABUNAN;014;KOTABUNAN BARAT;2;002B;100120
71;SULAWESI UTARA;11;BOLAANG MONGONDOW TIMUR;030;KOTABUNAN;015;PARET TIMUR;2;002B;100123
71;SULAWESI UTARA;11;BOLAANG MONGONDOW TIMUR;030;KOTABUNAN;015;PARET TIMUR;2;004B;100125
71;SULAWESI UTARA;11;BOLAANG MONGONDOW TIMUR;040;MODAYAG;001;MODAYAG II;2;002B;100128
71;SULAWESI UTARA;11;BOLAANG MONGONDOW TIMUR;040;MODAYAG;001;MODAYAG II;2;004B;100130
71;SULAWESI UTARA;11;BOLAANG MONGONDOW TIMUR;040;MODAYAG;002;MODAYAG;2;002B;100133
71;SULAWESI UTARA;11;BOLAANG MONGONDOW TIMUR;040;MODAYAG;002;MODAYAG;2;006B;100137
71;SULAWESI UTARA;11;BOLAANG MONGONDOW TIMUR;040;MODAYAG;006;LANUT;2;002B;100141
71;SULAWESI UTARA;11;BOLAANG MONGONDOW TIMUR;040;MODAYAG;006;LANUT;2;003B;100142
71;SULAWESI UTARA;11;BOLAANG MONGONDOW TIMUR;040;MODAYAG;009;PURWOREJO TENGAH;1;003B;150075
71;SULAWESI UTARA;11;BOLAANG MONGONDOW TIMUR;040;MODAYAG;010;PURWOREJO TIMUR;2;002B;100149
71;SULAWESI UTARA;11;BOLAANG MONGONDOW TIMUR;040;MODAYAG;011;LIBERIA TIMUR;2;002B;100152
71;SULAWESI UTARA;11;BOLAANG MONGONDOW TIMUR;040;MODAYAG;012;LIBERIA;2;003B;100155
71;SULAWESI UTARA;11;BOLAANG MONGONDOW TIMUR;041;MOOAT;002;BONGKUDAI SELATAN;2;002B;100161
71;SULAWESI UTARA;11;BOLAANG MONGONDOW TIMUR;041;MOOAT;003;BONGKUDAI BARU;2;001B;100164
71;SULAWESI UTARA;11;BOLAANG MONGONDOW TIMUR;041;MOOAT;005;BONGKUDAI TIMUR;2;001B;100169
71;SULAWESI UTARA;11;BOLAANG MONGONDOW TIMUR;041;MOOAT;006;GUAAN;2;003B;100173
71;SULAWESI UTARA;11;BOLAANG MONGONDOW TIMUR;050;MODAYAG BARAT;001;MOYONGKOTA BARU;2;001B;100180
71;SULAWESI UTARA;11;BOLAANG MONGONDOW TIMUR;050;MODAYAG BARAT;001;MOYONGKOTA BARU;2;005B;100184
71;SULAWESI UTARA;11;BOLAANG MONGONDOW TIMUR;050;MODAYAG BARAT;003;BANGUNAN WUWUK;2;005B;100189
71;SULAWESI UTARA;11;BOLAANG MONGONDOW TIMUR;050;MODAYAG BARAT;004;BONGKUDAI BARAT;1;003B;150090
71;SULAWESI UTARA;11;BOLAANG MONGONDOW TIMUR;050;MODAYAG BARAT;005;BONGKUDAI;2;003B;100192
71;SULAWESI UTARA;11;BOLAANG MONGONDOW TIMUR;050;MODAYAG BARAT;009;BANGUNAN WUWUK TIMUR;2;001B;100195
71;SULAWESI UTARA;71;MANADO;010;MALALAYANG;001;MALALAYANG II;1;013B;150013
71;SULAWESI UTARA;71;MANADO;010;MALALAYANG;002;MALALAYANG I;1;008B;150036
71;SULAWESI UTARA;71;MANADO;010;MALALAYANG;004;BAHU;1;004B;150060
71;SULAWESI UTARA;71;MANADO;010;MALALAYANG;004;BAHU;1;038B;150094
71;SULAWESI UTARA;71;MANADO;010;MALALAYANG;005;KLEAK;1;026B;150132
71;SULAWESI UTARA;71;MANADO;010;MALALAYANG;006;MALALAYANG I TIMUR;1;012B;150144
71;SULAWESI UTARA;71;MANADO;010;MALALAYANG;007;MALALAYANG I BARAT;1;008B;150158
71;SULAWESI UTARA;71;MANADO;010;MALALAYANG;008;WINANGUN I;1;009B;150172
71;SULAWESI UTARA;71;MANADO;010;MALALAYANG;010;BATU KOTA;1;002B;150191
71;SULAWESI UTARA;71;MANADO;020;SARIO;006;SARIO KOTA BARU;1;001B;150208
71;SULAWESI UTARA;71;MANADO;020;SARIO;008;SARIO TUMPAAN;1;002B;150225
71;SULAWESI UTARA;71;MANADO;020;SARIO;011;TITIWUNGEN SELATAN;1;005B;150250
71;SULAWESI UTARA;71;MANADO;021;WANEA;001;KAROMBASAN UTARA;1;006B;150272
71;SULAWESI UTARA;71;MANADO;021;WANEA;002;KAROMBASAN SELATAN;1;010B;150296
71;SULAWESI UTARA;71;MANADO;021;WANEA;003;RANOTANA WERU;1;009B;150307
71;SULAWESI UTARA;71;MANADO;021;WANEA;004;PAKOWA;1;009B;150320
71;SULAWESI UTARA;71;MANADO;021;WANEA;006;TELING ATAS;1;013B;150343
71;SULAWESI UTARA;71;MANADO;021;WANEA;006;TELING ATAS;1;015B;150345
71;SULAWESI UTARA;71;MANADO;021;WANEA;007;WANEA;1;009B;150355
71;SULAWESI UTARA;71;MANADO;021;WANEA;009;TINGKULU;1;001B;150369
71;SULAWESI UTARA;71;MANADO;030;WENANG;001;BUMI BERINGIN;1;003B;150382
71;SULAWESI UTARA;71;MANADO;030;WENANG;002;TELING BAWAH;1;007B;150395
71;SULAWESI UTARA;71;MANADO;030;WENANG;011;MAHAKERET BARAT;1;007B;150408
71;SULAWESI UTARA;71;MANADO;030;WENANG;014;WENANG SELATAN;1;003B;150425
71;SULAWESI UTARA;71;MANADO;030;WENANG;016;KOMO LUAR;1;003B;150445
71;SULAWESI UTARA;71;MANADO;031;TIKALA;001;BANJER;1;008B;150492
71;SULAWESI UTARA;71;MANADO;031;TIKALA;002;TIKALA BARU;1;002B;150507
71;SULAWESI UTARA;71;MANADO;031;TIKALA;003;PAAL IV;1;004B;150518
71;SULAWESI UTARA;71;MANADO;031;TIKALA;004;TAAS;1;008B;150533
71;SULAWESI UTARA;71;MANADO;032;PAAL DUA;001;RANOMUUT;1;004B;150544
71;SULAWESI UTARA;71;MANADO;032;PAAL DUA;002;PERKAMIL;1;004B;150560
71;SULAWESI UTARA;71;MANADO;032;PAAL DUA;003;MALENDENG;1;002B;150571
71;SULAWESI UTARA;71;MANADO;032;PAAL DUA;004;DENDENGAN DALAM;1;002B;150588
71;SULAWESI UTARA;71;MANADO;032;PAAL DUA;005;DENDENGAN LUAR;1;005B;150603
71;SULAWESI UTARA;71;MANADO;032;PAAL DUA;006;PAAL DUA;1;013B;150618
71;SULAWESI UTARA;71;MANADO;040;MAPANGET;002;KAIRAGI SATU;1;001B;150634
71;SULAWESI UTARA;71;MANADO;040;MAPANGET;003;KAIRAGI DUA;1;009B;150649
71;SULAWESI UTARA;71;MANADO;040;MAPANGET;003;KAIRAGI DUA;1;026B;150666
71;SULAWESI UTARA;71;MANADO;040;MAPANGET;004;PANIKI BAWAH;1;002B;150674
71;SULAWESI UTARA;71;MANADO;040;MAPANGET;004;PANIKI BAWAH;1;008B;150680
71;SULAWESI UTARA;71;MANADO;040;MAPANGET;004;PANIKI BAWAH;1;040B;150711
71;SULAWESI UTARA;71;MANADO;040;MAPANGET;005;PANIKI DUA;1;013B;150729
71;SULAWESI UTARA;71;MANADO;040;MAPANGET;007;MAPANGET BARAT;1;005B;150744
71;SULAWESI UTARA;71;MANADO;040;MAPANGET;009;BENGKOL;1;009B;150765
71;SULAWESI UTARA;71;MANADO;040;MAPANGET;010;BUHA;1;012B;150797
71;SULAWESI UTARA;71;MANADO;040;MAPANGET;010;BUHA;1;034B;150819
71;SULAWESI UTARA;71;MANADO;051;SINGKIL;001;KARAME;1;001B;150837
71;SULAWESI UTARA;71;MANADO;051;SINGKIL;002;KETANG BARU;1;003B;150848
71;SULAWESI UTARA;71;MANADO;051;SINGKIL;004;TERNATE BARU;1;003B;150862
71;SULAWESI UTARA;71;MANADO;051;SINGKIL;005;TERNATE TANJUNG;1;006B;150872
71;SULAWESI UTARA;71;MANADO;051;SINGKIL;007;KOMBOS TIMUR;1;001B;150885
71;SULAWESI UTARA;71;MANADO;051;SINGKIL;007;KOMBOS TIMUR;1;013B;150897
71;SULAWESI UTARA;71;MANADO;051;SINGKIL;008;SINGKIL SATU;1;008B;150910
71;SULAWESI UTARA;71;MANADO;051;SINGKIL;008;SINGKIL SATU;1;019B;150921
71;SULAWESI UTARA;71;MANADO;051;SINGKIL;009;SINGKIL DUA;1;011B;150933
71;SULAWESI UTARA;71;MANADO;052;TUMINTING;001;SINDULANG SATU;1;008B;150947
71;SULAWESI UTARA;71;MANADO;052;TUMINTING;002;KAMPUNG ISLAM;1;005B;150959
71;SULAWESI UTARA;71;MANADO;052;TUMINTING;004;BITUNG KARANG RIA;1;005B;150973
71;SULAWESI UTARA;71;MANADO;052;TUMINTING;005;MAASING;1;010B;150983
71;SULAWESI UTARA;71;MANADO;052;TUMINTING;006;TUMINTING;1;014B;150999
71;SULAWESI UTARA;71;MANADO;052;TUMINTING;007;MAHAWU;1;010B;151011
71;SULAWESI UTARA;71;MANADO;052;TUMINTING;008;SUMOMPO;1;008B;151025
71;SULAWESI UTARA;71;MANADO;052;TUMINTING;009;TUMUMPA SATU;1;003B;151036
71;SULAWESI UTARA;71;MANADO;053;BUNAKEN;001;BAILANG;1;002B;151047
71;SULAWESI UTARA;71;MANADO;053;BUNAKEN;002;MOLAS;2;003B;100006
71;SULAWESI UTARA;71;MANADO;053;BUNAKEN;003;MERAS;2;001B;100014
71;SULAWESI UTARA;71;MANADO;053;BUNAKEN;004;TONGKEINA;1;001B;151066
71;SULAWESI UTARA;71;MANADO;053;BUNAKEN;005;PANDU;1;015B;151084
71;SULAWESI UTARA;71;MANADO;054;BUNAKEN KEPULAUAN;001;BUNAKEN;2;006B;100022
71;SULAWESI UTARA;71;MANADO;054;BUNAKEN KEPULAUAN;004;MANADO TUA DUA;2;002B;100031
71;SULAWESI UTARA;72;BITUNG;010;MADIDIR;008;PACEDA;1;004B;150004
71;SULAWESI UTARA;72;BITUNG;010;MADIDIR;008;PACEDA;1;012B;150012
71;SULAWESI UTARA;72;BITUNG;010;MADIDIR;009;MADIDIR UNET;1;006B;150022
71;SULAWESI UTARA;72;BITUNG;010;MADIDIR;010;MADIDIR URE;1;002B;150029
71;SULAWESI UTARA;72;BITUNG;010;MADIDIR;011;MADIDIR WERU;1;001B;150036
71;SULAWESI UTARA;72;BITUNG;010;MADIDIR;012;KADOODAN;1;002B;150043
71;SULAWESI UTARA;72;BITUNG;010;MADIDIR;015;WANGURER BARAT;1;004B;150051
71;SULAWESI UTARA;72;BITUNG;010;MADIDIR;015;WANGURER BARAT;1;011B;150058
71;SULAWESI UTARA;72;BITUNG;010;MADIDIR;016;WANGURER TIMUR;1;004B;150066
71;SULAWESI UTARA;72;BITUNG;010;MADIDIR;016;WANGURER TIMUR;1;012B;150074
71;SULAWESI UTARA;72;BITUNG;010;MADIDIR;017;WANGURER UTARA;1;007B;150083
71;SULAWESI UTARA;72;BITUNG;011;MATUARI;001;TANJUNG MERAH;1;003B;150089
71;SULAWESI UTARA;72;BITUNG;011;MATUARI;002;SAGERAT;1;007B;150096
71;SULAWESI UTARA;72;BITUNG;011;MATUARI;003;MANEMBO NEMBO ATAS;1;010B;150106
71;SULAWESI UTARA;72;BITUNG;011;MATUARI;003;MANEMBO NEMBO ATAS;1;018B;150114
71;SULAWESI UTARA;72;BITUNG;011;MATUARI;003;MANEMBO NEMBO ATAS;1;028B;150124
71;SULAWESI UTARA;72;BITUNG;011;MATUARI;004;MANEMBO NEMBO;1;001B;150132
71;SULAWESI UTARA;72;BITUNG;011;MATUARI;004;MANEMBO NEMBO;1;008B;150139
71;SULAWESI UTARA;72;BITUNG;011;MATUARI;011;SAGERAT WERU SATU;1;004B;150147
71;SULAWESI UTARA;72;BITUNG;011;MATUARI;012;SAGERAT WERU DUA;1;006B;150158
71;SULAWESI UTARA;72;BITUNG;011;MATUARI;014;MANEMBO-NEMBO TENGAH;1;010B;150169
71;SULAWESI UTARA;72;BITUNG;012;GIRIAN;001;GIRIAN WERU SATU;1;003B;150178
71;SULAWESI UTARA;72;BITUNG;012;GIRIAN;002;GIRIAN BAWAH;1;003B;150186
71;SULAWESI UTARA;72;BITUNG;012;GIRIAN;003;WANGURER;1;003B;150196
71;SULAWESI UTARA;72;BITUNG;012;GIRIAN;004;GIRIAN INDAH;1;006B;150204
71;SULAWESI UTARA;72;BITUNG;012;GIRIAN;004;GIRIAN INDAH;1;013B;150211
71;SULAWESI UTARA;72;BITUNG;012;GIRIAN;004;GIRIAN INDAH;1;020B;150218
71;SULAWESI UTARA;72;BITUNG;012;GIRIAN;005;GIRIAN WERU DUA;1;005B;150225
71;SULAWESI UTARA;72;BITUNG;012;GIRIAN;006;GIRIAN ATAS;1;003B;150233
71;SULAWESI UTARA;72;BITUNG;012;GIRIAN;006;GIRIAN ATAS;1;012B;150242
71;SULAWESI UTARA;72;BITUNG;012;GIRIAN;007;GIRIAN PERMAI;1;009B;150252
71;SULAWESI UTARA;72;BITUNG;021;LEMBEH SELATAN;003;BATULUBANG;1;001B;150260
71;SULAWESI UTARA;72;BITUNG;021;LEMBEH SELATAN;006;PAPUSUNGAN;1;001B;150265
71;SULAWESI UTARA;72;BITUNG;022;LEMBEH UTARA;001;MAWALI;2;002B;100016
71;SULAWESI UTARA;72;BITUNG;022;LEMBEH UTARA;003;BATUKOTA;1;001B;150272
71;SULAWESI UTARA;72;BITUNG;030;AERTEMBAGA;006;AERTEMBAGA SATU;1;004B;150279
71;SULAWESI UTARA;72;BITUNG;030;AERTEMBAGA;007;TANDU RUSA;1;004B;150286
71;SULAWESI UTARA;72;BITUNG;030;AERTEMBAGA;007;TANDU RUSA;1;009B;150291
71;SULAWESI UTARA;72;BITUNG;030;AERTEMBAGA;008;MAKAWIDEY;2;004B;100038
71;SULAWESI UTARA;72;BITUNG;030;AERTEMBAGA;012;PATETEN SATU;1;011B;150302
71;SULAWESI UTARA;72;BITUNG;030;AERTEMBAGA;013;PATETEN DUA;1;007B;150311
71;SULAWESI UTARA;72;BITUNG;030;AERTEMBAGA;014;WINENET SATU;1;007B;150318
71;SULAWESI UTARA;72;BITUNG;030;AERTEMBAGA;015;WINENET DUA;1;011B;150330
71;SULAWESI UTARA;72;BITUNG;030;AERTEMBAGA;017;AERTEMBAGA DUA;1;007B;150338
71;SULAWESI UTARA;72;BITUNG;031;MAESA;002;BITUNG BARAT SATU;1;002B;150347
71;SULAWESI UTARA;72;BITUNG;031;MAESA;003;BITUNG BARAT DUA;1;001B;150355
71;SULAWESI UTARA;72;BITUNG;031;MAESA;003;BITUNG BARAT DUA;1;009B;150362
71;SULAWESI UTARA;72;BITUNG;031;MAESA;004;KAKENTURAN SATU;1;005B;150370
71;SULAWESI UTARA;72;BITUNG;031;MAESA;005;KAKENTURAN DUA;1;004B;150377
71;SULAWESI UTARA;72;BITUNG;031;MAESA;006;BITUNG TENGAH;1;004B;150384
71;SULAWESI UTARA;72;BITUNG;031;MAESA;006;BITUNG TENGAH;1;013B;150393
71;SULAWESI UTARA;72;BITUNG;031;MAESA;007;BITUNG TIMUR;1;008B;150403
71;SULAWESI UTARA;72;BITUNG;031;MAESA;007;BITUNG TIMUR;1;014B;150409
71;SULAWESI UTARA;72;BITUNG;031;MAESA;008;PATETEN TIGA;1;004B;150416
71;SULAWESI UTARA;72;BITUNG;040;RANOWULU;003;PINOKALAN;1;004B;150422
71;SULAWESI UTARA;72;BITUNG;040;RANOWULU;005;DANOWUDU;2;007B;100061
71;SULAWESI UTARA;72;BITUNG;040;RANOWULU;013;BATU PUTIH BAWAH;2;005B;100081
71;SULAWESI UTARA;73;TOMOHON;010;TOMOHON SELATAN;001;TONDANGOW;2;003B;100003
71;SULAWESI UTARA;73;TOMOHON;010;TOMOHON SELATAN;002;PANGOLOMBIAN;2;004B;100008
71;SULAWESI UTARA;73;TOMOHON;010;TOMOHON SELATAN;002;PANGOLOMBIAN;2;006B;100010
71;SULAWESI UTARA;73;TOMOHON;010;TOMOHON SELATAN;003;LAHENDONG;2;002B;100013
71;SULAWESI UTARA;73;TOMOHON;010;TOMOHON SELATAN;003;LAHENDONG;2;006B;100017
71;SULAWESI UTARA;73;TOMOHON;010;TOMOHON SELATAN;004;PINARAS;2;002B;100020
71;SULAWESI UTARA;73;TOMOHON;010;TOMOHON SELATAN;004;PINARAS;2;004B;100022
71;SULAWESI UTARA;73;TOMOHON;010;TOMOHON SELATAN;005;KAMPUNG JAWA;1;002B;150002
71;SULAWESI UTARA;73;TOMOHON;010;TOMOHON SELATAN;006;TUMATANGTANG;1;003B;150007
71;SULAWESI UTARA;73;TOMOHON;010;TOMOHON SELATAN;007;LANSOT;1;003B;150013
71;SULAWESI UTARA;73;TOMOHON;010;TOMOHON SELATAN;008;ULUINDANO;1;003B;150025
71;SULAWESI UTARA;73;TOMOHON;010;TOMOHON SELATAN;009;WALIAN;1;004B;150030
71;SULAWESI UTARA;73;TOMOHON;010;TOMOHON SELATAN;009;WALIAN;1;008B;150034
71;SULAWESI UTARA;73;TOMOHON;010;TOMOHON SELATAN;010;WALIAN SATU;1;004B;150041
71;SULAWESI UTARA;73;TOMOHON;010;TOMOHON SELATAN;011;WALIAN DUA;1;005B;150046
71;SULAWESI UTARA;73;TOMOHON;010;TOMOHON SELATAN;012;TUMATANGTANG SATU;1;007B;150053
71;SULAWESI UTARA;73;TOMOHON;020;TOMOHON TENGAH;001;MATANI TIGA;1;005B;150058
71;SULAWESI UTARA;73;TOMOHON;020;TOMOHON TENGAH;002;MATANI DUA;1;010B;150068
71;SULAWESI UTARA;73;TOMOHON;020;TOMOHON TENGAH;003;MATANI SATU;1;004B;150075
71;SULAWESI UTARA;73;TOMOHON;020;TOMOHON TENGAH;005;KOLONGAN;1;005B;150089
71;SULAWESI UTARA;73;TOMOHON;020;TOMOHON TENGAH;011;KAMASI;1;002B;150092
71;SULAWESI UTARA;73;TOMOHON;020;TOMOHON TENGAH;016;TALETE SATU;1;001B;150096
71;SULAWESI UTARA;73;TOMOHON;020;TOMOHON TENGAH;016;TALETE SATU;1;009B;150104
71;SULAWESI UTARA;73;TOMOHON;020;TOMOHON TENGAH;017;TALETE DUA;1;006B;150110
71;SULAWESI UTARA;73;TOMOHON;020;TOMOHON TENGAH;018;KOLONGAN SATU;1;003B;150113
71;SULAWESI UTARA;73;TOMOHON;021;TOMOHON TIMUR;001;PASLATEN DUA;1;002B;150120
71;SULAWESI UTARA;73;TOMOHON;021;TOMOHON TIMUR;001;PASLATEN DUA;1;005B;150123
71;SULAWESI UTARA;73;TOMOHON;021;TOMOHON TIMUR;002;PASLATEN SATU;1;003B;150129
71;SULAWESI UTARA;73;TOMOHON;021;TOMOHON TIMUR;002;PASLATEN SATU;1;011B;150137
71;SULAWESI UTARA;73;TOMOHON;021;TOMOHON TIMUR;003;RURUKAN;1;005B;150146
71;SULAWESI UTARA;73;TOMOHON;021;TOMOHON TIMUR;005;KUMELEMBUAI;2;002B;100026
71;SULAWESI UTARA;73;TOMOHON;022;TOMOHON BARAT;001;WOLOAN SATU;1;002B;150151
71;SULAWESI UTARA;73;TOMOHON;022;TOMOHON BARAT;002;WOLOAN DUA;1;005B;150159
71;SULAWESI UTARA;73;TOMOHON;022;TOMOHON BARAT;002;WOLOAN DUA;1;009B;150163
71;SULAWESI UTARA;73;TOMOHON;022;TOMOHON BARAT;003;WOLOAN TIGA;1;005B;150168
71;SULAWESI UTARA;73;TOMOHON;022;TOMOHON BARAT;004;TARATARA SATU;1;003B;150174
71;SULAWESI UTARA;73;TOMOHON;022;TOMOHON BARAT;005;TARATARA DUA;1;003B;150179
71;SULAWESI UTARA;73;TOMOHON;022;TOMOHON BARAT;006;WOLOAN SATU UTARA;1;004B;150184
71;SULAWESI UTARA;73;TOMOHON;022;TOMOHON BARAT;007;TARATARA;1;005B;150191
71;SULAWESI UTARA;73;TOMOHON;022;TOMOHON BARAT;008;TARATARA TIGA;1;003B;150194
71;SULAWESI UTARA;73;TOMOHON;030;TOMOHON UTARA;001;KAYAWU;2;003B;100031
71;SULAWESI UTARA;73;TOMOHON;030;TOMOHON UTARA;001;KAYAWU;2;007B;100035
71;SULAWESI UTARA;73;TOMOHON;030;TOMOHON UTARA;001;KAYAWU;2;011B;100039
71;SULAWESI UTARA;73;TOMOHON;030;TOMOHON UTARA;002;WAILAN;1;004B;150199
71;SULAWESI UTARA;73;TOMOHON;030;TOMOHON UTARA;003;KAKASKASEN TIGA;1;003B;150206
71;SULAWESI UTARA;73;TOMOHON;030;TOMOHON UTARA;003;KAKASKASEN TIGA;1;007B;150210
71;SULAWESI UTARA;73;TOMOHON;030;TOMOHON UTARA;004;KAKASKASEN DUA;1;003B;150214
71;SULAWESI UTARA;73;TOMOHON;030;TOMOHON UTARA;004;KAKASKASEN DUA;1;012B;150223
71;SULAWESI UTARA;73;TOMOHON;030;TOMOHON UTARA;005;KAKASKASEN SATU;1;004B;150228
71;SULAWESI UTARA;73;TOMOHON;030;TOMOHON UTARA;005;KAKASKASEN SATU;1;008B;150232
71;SULAWESI UTARA;73;TOMOHON;030;TOMOHON UTARA;006;KINILOW;1;004B;150236
71;SULAWESI UTARA;73;TOMOHON;030;TOMOHON UTARA;007;TINOOR SATU;2;004B;100043
71;SULAWESI UTARA;73;TOMOHON;030;TOMOHON UTARA;008;TINOOR DUA;2;001B;100046
71;SULAWESI UTARA;73;TOMOHON;030;TOMOHON UTARA;008;TINOOR DUA;2;004B;100049
71;SULAWESI UTARA;73;TOMOHON;030;TOMOHON UTARA;009;KINILOW SATU;1;004B;150242
71;SULAWESI UTARA;73;TOMOHON;030;TOMOHON UTARA;010;KAKASKASEN;1;002B;150248
71;SULAWESI UTARA;74;KOTAMOBAGU;010;KOTAMOBAGU SELATAN;001;KOPANDAKAN I;1;003B;150003
71;SULAWESI UTARA;74;KOTAMOBAGU;010;KOTAMOBAGU SELATAN;001;KOPANDAKAN I;1;010B;150010
71;SULAWESI UTARA;74;KOTAMOBAGU;010;KOTAMOBAGU SELATAN;002;BUNGKO;2;003B;100003
71;SULAWESI UTARA;74;KOTAMOBAGU;010;KOTAMOBAGU SELATAN;002;BUNGKO;2;005B;100005
71;SULAWESI UTARA;74;KOTAMOBAGU;010;KOTAMOBAGU SELATAN;003;TABANG;1;005B;150015
71;SULAWESI UTARA;74;KOTAMOBAGU;010;KOTAMOBAGU SELATAN;004;POYOWA BESAR I;1;004B;150022
71;SULAWESI UTARA;74;KOTAMOBAGU;010;KOTAMOBAGU SELATAN;004;POYOWA BESAR I;1;008B;150026
71;SULAWESI UTARA;74;KOTAMOBAGU;010;KOTAMOBAGU SELATAN;005;POYOWA BESAR II;1;007B;150034
71;SULAWESI UTARA;74;KOTAMOBAGU;010;KOTAMOBAGU SELATAN;006;POBUNDAYAN;1;005B;150040
71;SULAWESI UTARA;74;KOTAMOBAGU;010;KOTAMOBAGU SELATAN;006;POBUNDAYAN;1;012B;150047
71;SULAWESI UTARA;74;KOTAMOBAGU;010;KOTAMOBAGU SELATAN;007;MOTOBOI KECIL;1;001B;150051
71;SULAWESI UTARA;74;KOTAMOBAGU;010;KOTAMOBAGU SELATAN;007;MOTOBOI KECIL;1;008B;150058
71;SULAWESI UTARA;74;KOTAMOBAGU;010;KOTAMOBAGU SELATAN;007;MOTOBOI KECIL;1;013B;150063
71;SULAWESI UTARA;74;KOTAMOBAGU;010;KOTAMOBAGU SELATAN;008;MONGONDOW;1;003B;150069
71;SULAWESI UTARA;74;KOTAMOBAGU;010;KOTAMOBAGU SELATAN;009;POYOWA KECIL;1;004B;150075
71;SULAWESI UTARA;74;KOTAMOBAGU;010;KOTAMOBAGU SELATAN;009;POYOWA KECIL;1;010B;150081
71;SULAWESI UTARA;74;KOTAMOBAGU;020;KOTAMOBAGU TIMUR;001;MATALI;1;003B;150087
71;SULAWESI UTARA;74;KOTAMOBAGU;020;KOTAMOBAGU TIMUR;001;MATALI;1;009B;150093
71;SULAWESI UTARA;74;KOTAMOBAGU;020;KOTAMOBAGU TIMUR;002;MOTOBOI BESAR;1;003B;150099
71;SULAWESI UTARA;74;KOTAMOBAGU;020;KOTAMOBAGU TIMUR;003;KOBO KECIL;2;003B;100008
71;SULAWESI UTARA;74;KOTAMOBAGU;020;KOTAMOBAGU TIMUR;003;KOBO KECIL;2;005B;100010
71;SULAWESI UTARA;74;KOTAMOBAGU;020;KOTAMOBAGU TIMUR;004;MOYAG;1;002B;150105
71;SULAWESI UTARA;74;KOTAMOBAGU;020;KOTAMOBAGU TIMUR;005;KOBO BESAR;1;001B;150111
71;SULAWESI UTARA;74;KOTAMOBAGU;020;KOTAMOBAGU TIMUR;006;TUMOBUY;1;003B;150118
71;SULAWESI UTARA;74;KOTAMOBAGU;020;KOTAMOBAGU TIMUR;006;TUMOBUY;1;006B;150121
71;SULAWESI UTARA;74;KOTAMOBAGU;020;KOTAMOBAGU TIMUR;007;SININDIAN;1;001B;150123
71;SULAWESI UTARA;74;KOTAMOBAGU;020;KOTAMOBAGU TIMUR;008;KOTABANGON;1;002B;150131
71;SULAWESI UTARA;74;KOTAMOBAGU;020;KOTAMOBAGU TIMUR;008;KOTABANGON;1;007B;150135
71;SULAWESI UTARA;74;KOTAMOBAGU;020;KOTAMOBAGU TIMUR;008;KOTABANGON;1;014B;150142
71;SULAWESI UTARA;74;KOTAMOBAGU;020;KOTAMOBAGU TIMUR;008;KOTABANGON;1;019B;150147
71;SULAWESI UTARA;74;KOTAMOBAGU;020;KOTAMOBAGU TIMUR;009;MOYAG TAMPOAN;2;003B;100015
71;SULAWESI UTARA;74;KOTAMOBAGU;020;KOTAMOBAGU TIMUR;009;MOYAG TAMPOAN;2;006B;100018
71;SULAWESI UTARA;74;KOTAMOBAGU;030;KOTAMOBAGU BARAT;001;MONGKONAI;1;003B;150157
71;SULAWESI UTARA;74;KOTAMOBAGU;030;KOTAMOBAGU BARAT;002;MOLINOW;1;004B;150164
71;SULAWESI UTARA;74;KOTAMOBAGU;030;KOTAMOBAGU BARAT;002;MOLINOW;1;010B;150170
71;SULAWESI UTARA;74;KOTAMOBAGU;030;KOTAMOBAGU BARAT;002;MOLINOW;1;016B;150176
71;SULAWESI UTARA;74;KOTAMOBAGU;030;KOTAMOBAGU BARAT;003;MOGOLAING;1;006B;150182
71;SULAWESI UTARA;74;KOTAMOBAGU;030;KOTAMOBAGU BARAT;003;MOGOLAING;1;012B;150187
71;SULAWESI UTARA;74;KOTAMOBAGU;030;KOTAMOBAGU BARAT;004;GOGAGOMAN;1;001B;150196
71;SULAWESI UTARA;74;KOTAMOBAGU;030;KOTAMOBAGU BARAT;004;GOGAGOMAN;1;011B;150206
71;SULAWESI UTARA;74;KOTAMOBAGU;030;KOTAMOBAGU BARAT;004;GOGAGOMAN;1;025B;150220
71;SULAWESI UTARA;74;KOTAMOBAGU;030;KOTAMOBAGU BARAT;004;GOGAGOMAN;1;030B;150224
71;SULAWESI UTARA;74;KOTAMOBAGU;030;KOTAMOBAGU BARAT;004;GOGAGOMAN;1;037B;150231
71;SULAWESI UTARA;74;KOTAMOBAGU;030;KOTAMOBAGU BARAT;004;GOGAGOMAN;1;041B;150235
71;SULAWESI UTARA;74;KOTAMOBAGU;030;KOTAMOBAGU BARAT;005;KOTAMOBAGU;1;004B;150242
71;SULAWESI UTARA;74;KOTAMOBAGU;030;KOTAMOBAGU BARAT;005;KOTAMOBAGU;1;011B;150249
71;SULAWESI UTARA;74;KOTAMOBAGU;030;KOTAMOBAGU BARAT;005;KOTAMOBAGU;1;023B;150259
71;SULAWESI UTARA;74;KOTAMOBAGU;030;KOTAMOBAGU BARAT;006;MONGKONAI BARAT;1;003B;150264
71;SULAWESI UTARA;74;KOTAMOBAGU;040;KOTAMOBAGU UTARA;001;UPAI;2;005B;100023
71;SULAWESI UTARA;74;KOTAMOBAGU;040;KOTAMOBAGU UTARA;001;UPAI;2;009B;100027
71;SULAWESI UTARA;74;KOTAMOBAGU;040;KOTAMOBAGU UTARA;002;GENGGULANG;1;001B;150270
71;SULAWESI UTARA;74;KOTAMOBAGU;040;KOTAMOBAGU UTARA;002;GENGGULANG;1;010B;150278
71;SULAWESI UTARA;74;KOTAMOBAGU;040;KOTAMOBAGU UTARA;003;BIGA;1;009B;150286
71;SULAWESI UTARA;74;KOTAMOBAGU;040;KOTAMOBAGU UTARA;005;PONTODON;1;003B;150291
71;SULAWESI UTARA;74;KOTAMOBAGU;040;KOTAMOBAGU UTARA;006;BILALANG II;2;002B;100031
71;SULAWESI UTARA;74;KOTAMOBAGU;040;KOTAMOBAGU UTARA;006;BILALANG II;2;005B;100034
